,S/N,Joined Proctor on,Bootcamp,Score,% Score,% Completed,M1-S1 Correct,M1-S1 Wrong,M1-S1 Tries,M1-S2 Tries,M2-S1 Correct,M2-S1 Wrong,M2-S1 Tries,M2-S2 Tries,M3-S1 Correct,M3-S1 Wrong,M3-S1 Tries,M3-S2 Tries,M4-S1 Correct,M4-S1 Wrong,M4-S1 Tries,M4-S2 Tries,M5-S1 Correct,M5-S1 Wrong,M5-S1 Tries,M5-S2 Tries,M6-S1 Correct,M6-S1 Wrong,M6-S1 Tries,M6-S2 Tries,M7-S1 Correct,M7-S1 Wrong,M7-S1 Tries,M7-S2 Tries,M8-S1 Correct,M8-S1 Wrong,M8-S1 Tries,M8-S2 Tries,M9-S1 Correct,M9-S1 Wrong,M9-S1 Tries,M9-S2 Tries,M10-S1 Correct,M10-S1 Wrong,M10-S1 Tries,M10-S2 Tries
0,3,2015-12-29,0,113,0.565,100,1,5,5,0,3,7,7,0,0,6,6,1,6,10,10,1,1,3,3,1,1,3,0,1,2,4,4,0,6,4,4,0,9,10,10,0,13,30,30,1
1,2214,2015-12-29,0,177,0.885,100,5,1,1,0,7,3,3,0,0,1,1,1,12,4,4,1,4,0,0,1,4,0,0,1,5,1,1,0,6,4,4,0,17,2,2,0,41,2,2,1
2,2217,2015-12-29,0,180,0.9,100,6,0,0,0,7,3,3,0,0,0,0,1,12,4,4,1,4,0,0,1,4,0,0,1,5,1,1,0,6,4,4,0,17,2,2,0,42,1,1,1
3,2277,2015-12-29,0,162,0.81,100,4,2,2,0,5,5,5,0,0,3,3,1,8,8,8,1,3,1,1,1,4,0,0,1,1,5,5,0,7,3,3,0,16,3,3,0,40,3,3,1
4,2304,2015-12-29,0,183,0.915,100,6,0,0,0,9,1,1,0,0,0,0,1,15,1,1,1,4,0,0,1,4,0,0,1,3,3,3,0,7,3,3,0,18,1,1,0,40,3,3,1
5,2306,2015-12-29,0,185,0.925,100,4,2,2,0,9,1,1,0,0,1,1,1,15,1,1,1,4,0,0,1,3,1,0,1,6,0,0,0,9,1,1,0,18,1,1,0,41,2,2,1
6,2316,2015-12-29,1,183,0.915,100,5,1,1,0,8,2,2,0,0,0,0,1,16,0,0,1,4,0,0,1,4,0,0,7,5,1,1,0,10,0,0,0,19,0,0,0,41,2,2,1
7,2318,2015-12-29,0,168,0.84,100,3,3,3,0,10,0,0,0,0,1,1,1,9,7,7,1,0,0,1,1,4,0,0,1,2,4,4,0,6,4,4,0,17,2,2,0,38,5,5,1
8,2354,2015-12-29,0,179,0.895,100,5,1,1,0,8,2,2,0,0,1,1,1,14,2,2,3,4,0,0,1,4,0,0,1,6,0,0,0,7,3,3,0,15,4,4,0,42,1,1,1
9,2363,2015-12-29,1,172,0.86,100,5,1,1,0,7,3,3,0,0,3,3,1,15,1,1,1,4,0,0,1,4,0,0,1,6,0,0,0,6,4,4,0,15,4,4,0,36,7,7,1
10,2364,2015-12-29,0,150,0.75,100,4,2,2,0,9,1,1,0,0,2,2,1,16,0,0,1,4,0,0,5,3,1,0,1,3,3,3,0,10,0,0,0,17,2,2,0,40,3,3,28
11,2366,2015-12-29,0,185,0.925,100,6,0,0,0,9,1,1,0,0,1,1,1,15,1,1,2,4,0,0,0,4,0,0,2,4,2,2,0,8,2,2,0,19,0,0,0,41,2,2,1
12,2369,2015-12-29,0,167,0.835,100,3,3,3,0,6,4,4,0,0,1,1,1,11,5,5,4,4,0,0,1,4,0,0,1,3,3,3,0,8,2,2,0,14,5,5,0,41,2,2,1
13,2372,2015-12-29,0,173,0.865,100,5,1,1,0,8,2,2,0,0,1,1,1,13,3,3,3,4,0,0,2,3,1,0,3,4,2,2,0,7,3,3,0,16,3,3,0,42,1,1,1
14,2375,2015-12-29,1,182,0.91,100,5,1,1,0,6,4,4,0,0,2,2,1,14,2,2,1,4,0,0,1,4,0,0,1,5,1,1,0,9,1,1,0,19,0,0,0,41,2,2,1
15,2377,2015-12-29,0,159,0.795,100,5,1,1,0,6,4,4,0,0,2,2,1,11,5,5,1,4,0,0,1,3,1,0,9,3,3,3,0,6,4,4,0,16,3,3,0,38,5,5,1
16,2378,2015-12-29,0,182,0.91,100,5,1,1,0,7,3,3,0,0,2,2,1,16,0,0,2,4,0,0,1,4,0,0,1,5,1,1,0,8,2,2,0,18,1,1,0,41,2,2,1
17,2379,2015-12-29,0,183,0.915,100,5,1,1,0,7,3,3,0,0,1,1,1,16,0,0,1,4,0,0,2,4,0,0,2,5,1,1,0,8,2,2,0,18,1,1,0,42,1,1,1
18,2380,2015-12-29,0,174,0.87,100,5,1,1,0,8,2,2,0,0,2,2,3,16,0,0,1,3,1,1,6,4,0,0,1,5,1,1,0,7,3,3,0,17,2,2,0,41,2,2,1
19,2381,2015-12-29,0,176,0.88,100,5,1,1,0,8,2,2,0,0,2,2,1,16,0,0,2,3,1,1,1,4,0,0,1,2,4,4,0,8,2,2,0,17,2,2,0,41,2,2,3
20,2382,2015-12-29,0,181,0.905,100,5,1,1,0,8,2,2,0,0,2,2,1,16,0,0,1,3,1,1,1,4,0,0,1,4,2,2,0,8,2,2,0,17,2,2,0,41,2,2,1
21,2383,2015-12-29,0,180,0.9,100,5,1,1,0,8,2,2,0,0,2,2,1,14,2,2,1,3,1,1,1,4,0,0,1,4,2,2,0,8,2,2,0,17,2,2,0,42,1,1,1
22,2384,2015-12-29,0,182,0.91,100,5,1,1,0,8,2,2,0,0,2,2,1,16,0,0,1,3,1,1,1,4,0,0,1,4,2,2,0,8,2,2,0,17,2,2,0,42,1,1,1
23,2385,2015-12-29,0,181,0.905,100,5,1,1,0,8,2,2,0,0,2,2,1,16,0,0,1,3,1,1,1,4,0,0,1,3,3,3,0,8,2,2,0,17,2,2,0,42,1,1,1
24,2386,2015-12-29,0,170,0.85,100,6,0,0,0,9,1,1,0,0,3,3,1,12,4,4,4,4,0,0,1,4,0,0,1,3,3,3,0,8,2,2,0,14,5,5,0,39,4,4,1
25,2390,2015-12-29,1,174,0.87,100,4,2,2,0,7,3,3,0,0,0,0,2,13,3,3,1,4,0,0,1,2,2,0,1,5,1,1,0,10,0,0,0,16,3,3,0,37,6,6,1
26,2391,2015-12-29,0,173,0.865,100,6,0,0,0,6,4,4,0,0,2,2,1,16,0,0,1,4,0,0,8,4,0,0,1,4,2,2,0,9,1,1,0,19,0,0,0,38,5,5,2
27,2392,2015-12-29,1,181,0.905,100,5,1,1,0,9,1,1,0,0,2,2,1,14,2,2,1,4,0,0,1,4,0,0,6,4,2,2,0,10,0,0,0,18,1,1,0,43,0,0,1
28,2395,2015-12-29,1,182,0.91,100,5,1,1,0,8,2,2,0,0,3,3,1,16,0,0,1,4,0,0,1,2,2,0,1,4,2,2,0,10,0,0,0,19,0,0,0,40,3,3,1
29,2413,2015-12-29,1,181,0.905,100,3,3,3,0,5,5,5,0,0,2,2,2,16,0,0,1,4,0,0,1,4,0,0,1,6,0,0,0,9,1,1,0,19,0,0,0,41,2,2,1
30,2435,2015-12-29,0,165,0.825,100,2,4,4,0,7,3,3,0,0,4,4,1,13,3,3,1,4,0,0,1,4,0,0,1,5,1,1,0,5,5,5,0,16,3,3,0,37,6,6,2
31,2588,2015-12-29,0,159,0.795,100,4,2,2,0,5,5,5,0,0,3,3,3,14,2,2,2,4,0,0,1,3,1,0,11,5,1,1,0,9,1,1,0,12,7,7,0,42,1,1,1
32,2590,2015-12-29,0,145,0.725,100,4,2,2,0,6,4,4,0,0,1,1,3,13,3,3,1,3,1,1,16,4,0,0,2,3,3,3,0,6,4,4,0,14,5,5,0,34,9,9,1
33,2593,2015-12-29,0,141,0.705,100,3,3,3,0,7,3,3,0,0,1,1,1,10,6,6,1,3,1,1,4,4,0,0,1,2,4,4,0,5,5,5,0,13,6,6,0,32,11,11,12
34,2596,2015-12-29,0,170,0.85,100,5,1,1,0,7,3,3,0,0,3,3,1,14,2,2,1,4,0,0,13,4,0,0,2,6,0,0,0,9,1,1,0,17,2,2,0,43,0,0,1
35,2604,2015-12-29,0,183,0.915,100,4,2,2,0,8,2,2,0,0,1,1,3,16,0,0,1,4,0,0,1,4,0,0,1,5,1,1,0,8,2,2,0,18,1,1,0,42,1,1,1
36,2614,2015-12-29,0,186,0.93,100,6,0,0,0,10,0,0,0,0,0,0,1,15,1,1,1,4,0,0,1,3,1,0,1,3,3,3,0,7,3,3,0,18,1,1,0,43,0,0,1
37,2616,2015-12-29,0,182,0.91,100,5,1,1,0,9,1,1,0,0,0,0,1,15,1,1,1,4,0,0,1,4,0,0,1,3,3,3,0,6,4,4,0,17,2,2,0,43,0,0,2
38,2619,2015-12-29,0,181,0.905,100,3,3,3,0,7,3,3,0,0,1,1,1,15,1,1,1,3,1,1,1,4,0,0,1,5,1,1,0,9,1,1,0,19,0,0,0,40,3,3,1
39,2621,2016-01-04,1,181,0.905,100,4,2,2,0,9,1,1,0,0,1,1,1,14,2,2,1,4,0,0,1,3,1,0,1,4,2,2,0,9,1,1,0,18,1,1,0,40,3,3,1
40,2625,2015-12-29,0,151,0.755,100,5,1,1,0,9,1,1,0,0,0,0,14,15,1,1,5,4,0,0,1,4,0,0,4,3,3,3,0,6,4,4,0,18,1,1,0,43,0,0,14
41,2626,2015-12-29,0,171,0.855,100,4,2,2,0,7,3,3,0,0,4,4,1,15,1,1,2,4,0,0,1,3,1,0,1,6,0,0,0,9,1,1,0,19,0,0,0,33,10,10,2
42,2633,2015-12-29,0,160,0.8,100,2,4,4,0,6,4,4,0,0,4,4,2,11,5,5,2,4,0,0,5,4,0,0,1,5,1,1,0,7,3,3,0,17,2,2,0,41,2,2,5
43,2646,2015-12-29,0,175,0.875,100,5,1,1,0,9,1,1,0,0,0,0,2,15,1,1,2,4,0,0,10,4,0,0,1,5,1,1,0,7,3,3,0,19,0,0,0,43,0,0,3
44,2648,2015-12-29,1,177,0.885,100,3,3,3,0,7,3,3,0,0,3,3,1,11,5,5,1,4,0,0,1,4,0,0,1,5,1,1,0,9,1,1,0,18,1,1,0,42,1,1,1
45,2650,2015-12-29,0,173,0.865,100,5,1,1,0,8,2,2,0,0,2,2,1,13,3,3,2,4,0,0,1,4,0,0,2,3,3,3,0,8,2,2,0,17,2,2,0,38,5,5,1
46,2654,2015-12-29,0,186,0.93,100,5,1,1,0,8,2,2,0,0,0,0,1,14,2,2,1,4,0,0,1,4,0,0,1,5,1,1,0,7,3,3,0,19,0,0,0,43,0,0,1
47,2655,2015-12-29,0,186,0.93,100,6,0,0,0,8,2,2,0,0,0,0,1,14,2,2,1,4,0,0,1,4,0,0,1,5,1,1,0,7,3,3,0,18,1,1,0,43,0,0,1
48,2656,2015-12-29,0,187,0.935,100,6,0,0,0,9,1,1,0,0,0,0,1,14,2,2,1,4,0,0,1,4,0,0,1,5,1,1,0,7,3,3,0,19,0,0,0,42,1,1,1
49,2658,2015-12-29,0,149,0.745,100,3,3,3,0,2,8,8,0,0,3,3,1,12,4,4,1,1,3,3,3,4,0,0,1,2,4,4,0,4,6,6,0,13,6,6,0,36,7,7,1
50,2660,2015-12-29,0,165,0.825,100,3,3,3,0,8,2,2,0,0,1,1,1,14,2,2,13,4,0,0,1,4,0,0,1,3,3,3,0,5,5,5,0,19,0,0,0,41,2,2,1
51,2664,2015-12-29,0,153,0.765,100,3,3,3,0,9,1,1,0,0,3,3,1,11,5,5,20,4,0,0,3,3,1,0,1,6,0,0,0,8,2,2,0,17,2,2,0,39,4,4,1
52,2666,2016-01-04,1,184,0.92,100,6,0,0,0,8,2,2,0,0,1,1,1,16,0,0,1,4,0,0,1,4,0,0,1,6,0,0,0,10,0,0,0,17,2,2,0,37,6,6,1
53,2667,2015-12-29,1,168,0.84,100,4,2,2,0,7,3,3,0,0,1,1,1,13,3,3,2,3,1,1,2,4,0,0,1,3,3,3,0,5,5,5,0,17,2,2,0,38,5,5,1
54,2668,2015-12-29,0,162,0.81,100,5,1,1,0,8,2,2,0,0,2,2,1,12,4,4,2,4,0,0,1,3,1,0,2,3,3,3,0,5,5,5,0,13,6,6,0,36,7,7,1
55,2670,2015-12-29,0,157,0.785,100,5,1,1,0,8,2,2,0,0,1,1,5,14,2,2,4,3,1,1,17,4,0,0,1,5,1,1,0,9,1,1,0,19,0,0,0,37,6,6,1
56,2672,2015-12-29,0,171,0.855,100,3,3,3,0,8,2,2,0,0,4,4,1,13,3,3,1,2,2,2,1,4,0,0,1,6,0,0,0,8,2,2,0,17,2,2,0,37,6,6,1
57,2673,2015-12-29,1,156,0.78,100,3,3,3,0,7,3,3,0,0,3,3,2,16,0,0,1,4,0,0,22,4,0,0,1,6,0,0,0,8,2,2,0,17,2,2,0,39,4,4,1
58,2674,2015-12-29,0,173,0.865,100,3,3,3,0,8,2,2,0,0,4,4,1,14,2,2,1,2,2,2,1,4,0,0,1,6,0,0,0,8,2,2,0,17,2,2,0,38,5,5,1
59,2675,2015-12-29,0,169,0.845,100,2,4,4,0,8,2,2,0,0,1,1,1,10,6,6,1,4,0,0,2,4,0,0,1,5,1,1,0,7,3,3,0,15,4,4,0,39,4,4,1
60,2676,2016-01-04,0,184,0.92,100,6,0,0,0,9,1,1,0,0,0,0,2,16,0,0,1,4,0,0,4,4,0,0,1,6,0,0,0,7,3,3,0,18,1,1,0,41,2,2,1
61,2681,2015-12-29,0,161,0.805,100,4,2,2,0,8,2,2,0,0,3,3,6,13,3,3,7,4,0,0,11,4,0,0,1,5,1,1,0,10,0,0,0,19,0,0,0,41,2,2,1
62,2682,2015-12-29,0,170,0.85,100,5,1,1,0,9,1,1,0,0,2,2,1,16,0,0,1,4,0,0,10,3,1,0,1,3,3,3,0,9,1,1,0,16,3,3,0,39,4,4,1
63,2686,2015-12-29,0,156,0.78,100,5,1,1,0,5,5,5,0,0,4,4,4,14,2,2,2,4,0,0,10,3,1,0,1,5,1,1,0,8,2,2,0,16,3,3,0,39,4,4,4
64,2687,2016-01-04,0,174,0.87,100,4,2,2,0,9,1,1,0,0,1,1,1,14,2,2,1,2,2,2,1,4,0,0,1,4,2,2,0,8,2,2,0,16,3,3,0,37,6,6,1
65,2688,2015-12-29,0,155,0.775,100,6,0,0,0,7,3,3,0,0,2,2,1,14,2,2,7,4,0,0,8,4,0,0,1,3,3,3,0,8,2,2,0,15,4,4,0,32,11,11,1
66,2689,2015-12-29,1,168,0.84,100,5,1,1,0,5,5,5,0,0,2,2,1,13,3,3,2,4,0,0,1,4,0,0,1,3,3,3,0,8,2,2,0,17,2,2,0,35,8,8,1
67,2690,2015-12-29,0,171,0.855,100,5,1,1,0,8,2,2,0,0,4,4,1,13,3,3,1,4,0,0,4,4,0,0,1,2,4,4,0,6,4,4,0,17,2,2,0,42,1,1,1
68,2691,2015-12-29,0,126,0.63,100,3,3,3,0,4,6,6,0,0,3,3,1,11,5,5,1,4,0,0,22,4,0,0,1,4,2,2,0,5,5,5,0,14,5,5,0,24,19,19,1
69,2694,2015-12-29,0,179,0.895,100,3,3,3,0,9,1,1,0,0,0,0,1,15,1,1,1,4,0,0,1,4,0,0,1,6,0,0,0,5,5,5,0,15,4,4,0,41,2,2,1
70,2698,2015-12-29,1,186,0.93,100,5,1,1,0,9,1,1,0,0,0,0,1,14,2,2,1,4,0,0,1,4,0,0,1,5,1,1,0,9,1,1,0,19,0,0,0,40,3,3,1
71,2699,2015-12-29,0,181,0.905,100,5,1,1,0,8,2,2,0,0,1,1,1,13,3,3,1,4,0,0,2,4,0,0,1,5,1,1,0,8,2,2,0,17,2,2,0,42,1,1,1
72,2702,2015-12-29,0,183,0.915,100,4,2,2,0,7,3,3,0,0,2,2,1,16,0,0,1,4,0,0,3,4,0,0,1,6,0,0,0,9,1,1,0,19,0,0,0,41,2,2,1
73,2703,2015-12-29,0,159,0.795,100,4,2,2,0,7,3,3,0,0,3,3,2,13,3,3,2,0,0,2,16,4,0,0,2,5,1,1,0,9,1,1,0,18,1,1,0,41,2,2,1
74,2704,2015-12-29,0,177,0.885,100,4,2,2,0,9,1,1,0,0,3,3,1,15,1,1,1,4,0,0,7,4,0,0,1,6,0,0,0,7,3,3,0,19,0,0,0,41,2,2,1
75,2705,2015-12-29,0,168,0.84,100,5,1,1,0,8,2,2,0,0,3,3,1,15,1,1,1,4,0,0,9,4,0,0,1,6,0,0,0,6,4,4,0,17,2,2,0,37,6,6,1
76,2707,2016-01-04,0,178,0.89,100,5,1,1,0,6,4,4,0,0,3,3,2,16,0,0,1,3,1,1,4,4,0,0,1,5,1,1,0,8,2,2,0,18,1,1,0,43,0,0,1
77,2711,2015-12-29,0,164,0.82,100,5,1,1,0,9,1,1,0,0,1,1,2,14,2,2,5,3,1,1,7,4,0,0,1,5,1,1,0,7,3,3,0,17,2,2,0,36,7,7,2
78,2712,2015-12-29,0,190,0.95,100,6,0,0,0,8,2,2,0,0,1,1,1,14,2,2,1,4,0,0,1,4,0,0,1,6,0,0,0,10,0,0,0,19,0,0,0,43,0,0,1
79,2717,2015-12-29,0,173,0.865,100,5,1,1,0,8,2,2,0,0,3,3,3,13,3,3,1,4,0,0,1,4,0,0,1,4,2,2,0,7,3,3,0,15,4,4,0,41,2,2,1
80,2718,2015-12-29,0,139,0.695,100,2,4,4,0,8,2,2,0,0,2,2,1,11,5,5,1,4,0,0,23,4,0,0,1,2,4,4,0,5,5,5,0,15,4,4,0,35,8,8,1
81,2721,2015-12-29,1,174,0.87,100,6,0,0,0,6,4,4,0,0,3,3,1,16,0,0,1,4,0,0,4,3,1,0,1,4,2,2,0,10,0,0,0,16,3,3,0,38,5,5,1
82,2723,2015-12-29,0,173,0.865,100,6,0,0,0,7,3,3,0,0,4,4,1,14,2,2,1,3,1,1,1,2,2,0,1,4,2,2,0,8,2,2,0,16,3,3,0,40,3,3,1
83,2724,2015-12-29,0,160,0.8,100,5,1,1,0,6,4,4,0,0,3,3,1,9,7,7,1,4,0,0,1,4,0,0,1,4,2,2,0,5,5,5,0,16,3,3,0,33,10,10,1
84,2807,2015-12-29,0,169,0.845,100,5,1,1,0,4,6,6,0,0,4,4,1,14,2,2,1,2,2,2,2,4,0,0,1,5,1,1,0,7,3,3,0,18,1,1,0,38,5,5,1
85,2808,2015-12-29,0,163,0.815,100,4,2,2,0,5,5,5,0,0,4,4,2,12,4,4,1,4,0,0,1,4,0,0,1,4,2,2,0,9,1,1,0,13,6,6,0,36,7,7,1
86,2809,2015-12-29,0,170,0.85,100,6,0,0,0,8,2,2,0,0,1,1,7,15,1,1,2,4,0,0,1,3,1,0,2,4,2,2,0,8,2,2,0,16,3,3,0,38,5,5,1
87,2810,2016-01-04,0,181,0.905,100,6,0,0,0,9,1,1,0,0,1,1,1,15,1,1,1,4,0,0,6,4,0,0,1,6,0,0,0,7,3,3,0,18,1,1,0,41,2,2,1
88,2811,2015-12-29,0,171,0.855,100,6,0,0,0,9,1,1,0,0,2,2,1,14,2,2,1,4,0,0,2,3,1,0,1,1,5,5,0,6,4,4,0,15,4,4,0,39,4,4,1
89,2812,2015-12-29,0,172,0.86,100,5,1,1,0,9,1,1,0,0,1,1,1,12,4,4,1,4,0,0,8,4,0,0,1,3,3,3,0,8,2,2,0,17,2,2,0,41,2,2,1
90,2813,2015-12-29,0,165,0.825,100,5,1,1,0,9,1,1,0,0,4,4,5,13,3,3,1,4,0,0,8,4,0,0,1,2,4,4,0,8,2,2,0,18,1,1,0,40,3,3,1
91,2814,2015-12-29,0,157,0.785,100,2,4,4,0,3,7,7,0,0,4,4,1,13,3,3,1,3,1,1,4,4,0,0,4,4,2,2,0,10,0,0,0,15,4,4,0,39,4,4,4
92,2815,2015-12-29,1,182,0.91,100,6,0,0,0,7,3,3,0,0,1,1,1,16,0,0,1,4,0,0,1,4,0,0,1,4,2,2,0,7,3,3,0,17,2,2,0,41,2,2,1
93,2816,2015-12-29,0,175,0.875,100,5,1,1,0,9,1,1,0,0,3,3,1,15,1,1,1,4,0,0,1,3,1,0,1,3,3,3,0,6,4,4,0,16,3,3,0,40,3,3,1
94,2817,2015-12-29,0,150,0.75,100,6,0,0,0,6,4,4,0,0,2,2,2,6,10,10,1,4,0,0,2,4,0,0,2,3,3,3,0,2,8,8,0,15,4,4,0,32,11,11,1
95,2818,2015-12-29,0,178,0.89,100,3,3,3,0,7,3,3,0,0,0,0,1,13,3,3,2,4,0,0,1,4,0,0,2,5,1,1,0,10,0,0,0,17,2,2,0,40,3,3,1
96,2819,2015-12-29,0,162,0.81,100,6,0,0,0,8,2,2,0,0,3,3,1,13,3,3,1,3,1,1,1,4,0,0,2,4,2,2,0,4,6,6,0,18,1,1,0,29,14,14,1
97,2820,2015-12-29,0,167,0.835,100,5,1,1,0,8,2,2,0,0,1,1,4,13,3,3,2,4,0,0,10,4,0,0,1,5,1,1,0,10,0,0,0,17,2,2,0,38,5,5,1
98,2821,2015-12-29,0,171,0.855,100,3,3,3,0,5,5,5,0,0,1,1,1,13,3,3,1,4,0,0,1,4,0,0,1,3,3,3,0,5,5,5,0,17,2,2,0,41,2,2,1
99,2822,2015-12-29,0,140,0.7,100,4,2,2,0,7,3,3,0,0,2,2,1,7,9,9,1,3,1,1,3,3,1,0,1,2,4,4,0,5,5,5,0,15,4,4,0,21,22,22,1
100,2824,2015-12-29,0,131,0.655,100,1,5,5,0,4,6,6,0,0,2,2,1,7,9,9,1,3,1,1,1,4,0,0,1,1,5,5,0,3,7,7,0,4,15,15,0,29,14,14,1
101,2827,2015-12-29,0,168,0.84,100,6,0,0,0,8,2,2,0,0,3,3,1,14,2,2,1,4,0,0,6,3,1,0,2,2,4,4,0,7,3,3,0,17,2,2,0,39,4,4,1
102,2828,2015-12-29,0,160,0.8,100,3,3,3,0,3,7,7,0,0,5,5,1,11,5,5,1,3,1,1,1,2,2,0,1,4,2,2,0,6,4,4,0,16,3,3,0,40,3,3,1
103,2830,2015-12-29,0,182,0.91,100,6,0,0,0,7,3,3,0,0,3,3,2,15,1,1,1,4,0,0,1,4,0,0,1,3,3,3,0,10,0,0,0,17,2,2,0,43,0,0,1
104,2831,2015-12-29,0,167,0.835,100,5,1,1,0,6,4,4,0,0,2,2,5,16,0,0,1,4,0,0,1,4,0,0,1,1,5,5,0,7,3,3,0,16,3,3,0,37,6,6,1
105,2832,2015-12-29,0,191,0.955,100,6,0,0,0,9,1,1,0,0,0,0,1,14,2,2,1,4,0,0,1,4,0,0,1,5,1,1,0,10,0,0,0,19,0,0,0,43,0,0,1
106,3065,2015-12-29,1,177,0.885,100,4,2,2,0,8,2,2,0,0,1,1,1,14,2,2,1,4,0,0,1,4,0,0,1,5,1,1,0,5,5,5,0,18,1,1,0,40,3,3,2
107,3066,2015-12-29,0,181,0.905,100,5,1,1,0,9,1,1,0,0,0,0,1,15,1,1,1,4,0,0,1,4,0,0,1,3,3,3,0,7,3,3,0,19,0,0,0,38,5,5,1
108,3067,2015-12-29,0,167,0.835,100,6,0,0,0,6,4,4,0,0,3,3,1,15,1,1,1,4,0,0,1,3,1,0,1,6,0,0,0,8,2,2,0,17,2,2,0,28,15,15,1
109,3068,2015-12-29,0,188,0.94,100,5,1,1,0,5,5,5,0,0,0,0,1,15,1,1,1,4,0,0,1,4,0,0,1,6,0,0,0,10,0,0,0,19,0,0,0,43,0,0,1
110,3069,2015-12-30,1,180,0.9,100,6,0,0,0,7,3,3,0,0,3,3,1,15,1,1,1,4,0,0,1,4,0,0,1,6,0,0,0,9,1,1,0,17,2,2,0,38,5,5,1
111,3071,2015-12-29,1,188,0.94,100,6,0,0,0,10,0,0,0,0,0,0,1,16,0,0,1,4,0,0,1,4,0,0,1,4,2,2,0,7,3,3,0,17,2,2,0,43,0,0,1
112,3072,2015-12-29,1,185,0.925,100,6,0,0,0,10,0,0,0,0,0,0,1,16,0,0,1,4,0,0,1,4,0,0,1,5,1,1,0,8,2,2,0,16,3,3,0,39,4,4,1
113,3078,2015-12-29,1,184,0.92,100,3,3,3,0,6,4,4,0,0,2,2,1,16,0,0,1,4,0,0,1,4,0,0,1,6,0,0,0,10,0,0,0,18,1,1,0,42,1,1,1
114,3079,2015-12-29,0,171,0.855,100,5,1,1,0,5,5,5,0,0,2,2,1,16,0,0,2,4,0,0,1,4,0,0,1,6,0,0,0,7,3,3,0,14,5,5,0,36,7,7,1
115,3080,2015-12-29,0,183,0.915,100,5,1,1,0,8,2,2,0,0,3,3,1,16,0,0,1,4,0,0,1,4,0,0,1,4,2,2,0,10,0,0,0,19,0,0,0,40,3,3,2
116,3081,2015-12-29,0,174,0.87,100,4,2,2,0,8,2,2,0,0,3,3,1,11,5,5,1,4,0,0,1,4,0,0,1,4,2,2,0,8,2,2,0,17,2,2,0,40,3,3,1
117,3082,2015-12-29,0,173,0.865,100,5,1,1,0,5,5,5,0,0,2,2,1,15,1,1,1,4,0,0,1,3,1,0,1,5,1,1,0,8,2,2,0,17,2,2,0,36,7,7,1
118,3084,2016-01-06,0,170,0.85,100,6,0,0,0,7,3,3,0,0,3,3,1,14,2,2,1,3,1,1,1,3,1,0,1,3,3,3,0,6,4,4,0,16,3,3,0,38,5,5,1
119,3085,2015-12-29,0,177,0.885,100,5,1,1,0,7,3,3,0,0,2,2,1,14,2,2,1,4,0,0,1,4,0,0,1,2,4,4,0,8,2,2,0,17,2,2,0,41,2,2,1
120,3086,2015-12-29,0,182,0.91,100,5,1,1,0,8,2,2,0,0,4,4,1,14,2,2,1,4,0,0,1,4,0,0,2,6,0,0,0,8,2,2,0,19,0,0,0,42,1,1,1
121,3087,2015-12-29,1,192,0.96,100,6,0,0,0,9,1,1,0,0,1,1,1,16,0,0,1,4,0,0,1,4,0,0,1,6,0,0,0,10,0,0,0,19,0,0,0,42,1,1,1
122,3088,2015-12-29,0,188,0.94,100,5,1,1,0,9,1,1,0,0,0,0,1,15,1,1,1,4,0,0,1,4,0,0,1,5,1,1,0,10,0,0,0,19,0,0,0,40,3,3,1
123,3089,2015-12-29,0,188,0.94,100,6,0,0,0,10,0,0,0,0,2,2,1,15,1,1,1,3,1,1,1,4,0,0,1,5,1,1,0,8,2,2,0,19,0,0,0,43,0,0,1
124,3090,2015-12-29,0,175,0.875,100,6,0,0,0,9,1,1,0,0,3,3,1,15,1,1,1,3,1,1,1,4,0,0,1,4,2,2,0,7,3,3,0,14,5,5,0,39,4,4,1
125,3091,2015-12-29,1,181,0.905,100,6,0,0,0,8,2,2,0,0,1,1,1,16,0,0,1,4,0,0,1,4,0,0,1,4,2,2,0,9,1,1,0,18,1,1,0,36,7,7,1
126,3093,2015-12-29,0,186,0.93,100,6,0,0,0,7,3,3,0,0,2,2,1,15,1,1,1,4,0,0,2,4,0,0,1,5,1,1,0,10,0,0,0,19,0,0,0,43,0,0,2
127,3095,2015-12-29,0,165,0.825,100,4,2,2,0,9,1,1,0,0,4,4,1,12,4,4,1,3,1,1,4,4,0,0,1,3,3,3,0,8,2,2,0,18,1,1,0,34,9,9,1
128,3096,2015-12-29,0,171,0.855,100,6,0,0,0,7,3,3,0,0,2,2,1,12,4,4,1,4,0,0,1,3,1,0,1,4,2,2,0,7,3,3,0,17,2,2,0,38,5,5,3
129,3109,2015-12-29,0,180,0.9,100,6,0,0,0,9,1,1,0,0,1,1,1,15,1,1,1,4,0,0,1,4,0,0,1,4,2,2,0,6,4,4,0,15,4,4,0,41,2,2,1
130,3110,2015-12-29,0,170,0.85,100,5,1,1,0,8,2,2,0,0,4,4,4,15,1,1,1,4,0,0,5,4,0,0,2,5,1,1,0,9,1,1,0,19,0,0,0,40,3,3,5
131,3111,2015-12-29,0,187,0.935,100,5,1,1,0,7,3,3,0,0,0,0,1,15,1,1,1,4,0,0,1,4,0,0,1,5,1,1,0,8,2,2,0,19,0,0,0,43,0,0,1
132,3113,2015-12-29,0,178,0.89,100,6,0,0,0,7,3,3,0,0,3,3,1,14,2,2,1,4,0,0,1,4,0,0,1,3,3,3,0,8,2,2,0,19,0,0,0,39,4,4,1
133,3115,2015-12-29,0,165,0.825,100,3,3,3,0,6,4,4,0,0,3,3,1,11,5,5,1,4,0,0,1,4,0,0,1,4,2,2,0,4,6,6,0,16,3,3,0,39,4,4,1
134,3116,2015-12-29,0,185,0.925,100,6,0,0,0,8,2,2,0,0,2,2,1,16,0,0,1,4,0,0,1,4,0,0,1,5,1,1,0,9,1,1,0,18,1,1,0,40,3,3,1
135,3118,2015-12-29,0,174,0.87,100,2,4,4,0,8,2,2,0,0,1,1,2,16,0,0,2,3,1,1,2,2,2,0,2,5,1,1,0,9,1,1,0,19,0,0,0,38,5,5,1
136,3119,2015-12-29,0,178,0.89,100,5,1,1,0,5,5,5,0,0,2,2,1,16,0,0,1,4,0,0,2,3,1,0,2,6,0,0,0,8,2,2,0,18,1,1,0,43,0,0,4
137,3120,2015-12-29,0,187,0.935,100,6,0,0,0,7,3,3,0,0,1,1,1,15,1,1,1,4,0,0,1,4,0,0,1,4,2,2,0,9,1,1,0,16,0,0,0,43,0,0,1
138,3121,2015-12-29,0,161,0.805,100,6,0,0,0,5,5,5,0,0,3,3,1,11,5,5,1,4,0,0,2,4,0,0,1,4,2,2,0,5,5,5,0,16,3,3,0,33,10,10,1
139,3122,2015-12-29,1,176,0.88,100,6,0,0,0,10,0,0,0,0,0,0,2,15,1,1,2,4,0,0,3,3,1,0,3,4,2,2,0,8,2,2,0,16,3,3,0,40,3,3,2
140,3123,2015-12-29,0,171,0.855,100,4,2,2,0,9,1,1,0,0,1,1,1,15,1,1,1,4,0,0,1,3,1,0,1,2,4,4,0,4,6,6,0,17,2,2,0,37,6,6,1
141,3124,2015-12-29,0,174,0.87,100,3,3,3,0,5,5,5,0,0,1,1,1,16,0,0,1,2,2,2,1,4,0,0,1,5,1,1,0,7,3,3,0,18,1,1,0,39,4,4,2
142,3125,2015-12-29,0,183,0.915,100,5,1,1,0,7,3,3,0,0,2,2,1,16,0,0,1,4,0,0,1,4,0,0,1,4,2,2,0,9,1,1,0,17,2,2,0,42,1,1,1
143,3128,2015-12-29,1,181,0.905,100,5,1,1,0,9,1,1,0,0,1,1,1,14,2,2,1,3,1,1,1,4,0,0,1,5,1,1,0,9,1,1,0,18,1,1,0,38,5,5,1
144,3129,2015-12-29,0,181,0.905,100,4,2,2,0,10,0,0,0,0,2,2,1,15,1,1,1,4,0,0,2,4,0,0,1,6,0,0,0,8,2,2,0,18,1,1,0,38,5,5,1
145,3130,2015-12-29,1,187,0.935,100,5,1,1,0,8,2,2,0,0,2,2,1,16,0,0,1,4,0,0,1,4,0,0,1,6,0,0,0,10,0,0,0,18,1,1,0,41,2,2,1
146,3131,2015-12-29,0,180,0.9,100,6,0,0,0,8,2,2,0,0,0,0,1,13,3,3,1,4,0,0,1,4,0,0,1,5,1,1,0,7,3,3,0,17,2,2,0,39,4,4,1
147,3133,2015-12-29,1,182,0.91,100,4,2,2,0,8,2,2,0,0,0,0,1,14,2,2,1,4,0,0,1,4,0,0,1,5,1,1,0,10,0,0,0,16,3,3,0,40,3,3,1
148,3134,2015-12-29,0,184,0.92,100,4,2,2,0,8,2,2,0,0,3,3,1,14,2,2,1,4,0,0,1,4,0,0,1,6,0,0,0,9,1,1,0,19,0,0,0,42,1,1,1
149,3135,2015-12-29,0,172,0.86,100,6,0,0,0,6,4,4,0,0,4,4,1,13,3,3,1,4,0,0,1,4,0,0,1,3,3,3,0,8,2,2,0,17,2,2,0,38,5,5,1
150,3137,2015-12-29,0,179,0.895,100,6,0,0,0,7,3,3,0,0,2,2,1,14,2,2,1,4,0,0,1,4,0,0,1,6,0,0,0,7,3,3,0,16,3,3,0,40,3,3,1
151,3139,2015-12-29,0,180,0.9,100,5,1,1,0,6,4,4,0,0,1,1,1,14,2,2,1,4,0,0,1,4,0,0,1,4,2,2,0,9,1,1,0,18,1,1,0,40,3,3,1
152,3140,2015-12-29,1,134,0.67,100,6,0,0,0,5,5,5,0,0,1,1,1,16,0,0,2,3,1,1,7,4,0,0,1,3,3,3,0,9,1,1,0,17,2,2,0,37,6,6,36
153,3141,2015-12-29,0,176,0.88,100,6,0,0,0,10,0,0,0,0,2,2,1,12,4,4,1,3,1,1,2,4,0,0,1,4,2,2,0,7,3,3,0,16,3,3,0,40,3,3,1
154,3142,2015-12-29,0,180,0.9,100,6,0,0,0,10,0,0,0,0,2,2,1,13,3,3,1,4,0,0,1,4,0,0,1,3,3,3,0,7,3,3,0,18,1,1,0,40,3,3,1
155,3143,2015-12-30,1,190,0.95,100,6,0,0,0,6,4,4,0,0,0,0,1,15,1,1,1,4,0,0,1,4,0,0,1,6,0,0,0,10,0,0,0,19,0,0,0,43,0,0,1
156,3232,2015-12-29,0,180,0.9,100,4,2,2,0,5,5,5,0,0,3,3,1,14,2,2,1,4,0,0,2,4,0,0,1,5,1,1,0,10,0,0,0,18,1,1,0,43,0,0,1
157,3233,2015-12-29,0,178,0.89,100,6,0,0,0,8,2,2,0,0,1,1,1,15,1,1,1,4,0,0,5,4,0,0,1,4,2,2,0,9,1,1,0,17,2,2,0,40,3,3,2
158,3236,2015-12-30,0,187,0.935,100,6,0,0,0,8,2,2,0,0,2,2,1,16,0,0,2,4,0,0,1,4,0,0,1,5,1,1,0,10,0,0,0,18,1,1,0,42,1,1,1
159,3243,2015-12-30,0,84,0.42,100,4,2,2,0,6,4,4,0,0,3,3,1,10,6,6,2,4,0,0,70,4,0,0,1,4,2,2,0,6,4,4,0,12,7,7,0,30,13,13,1
160,3244,2016-01-06,0,177,0.885,100,4,2,2,0,6,4,4,0,0,0,0,1,14,2,2,1,4,0,0,1,4,0,0,1,3,3,3,0,7,3,3,0,18,1,1,0,40,3,3,1
161,3245,2015-12-29,0,185,0.925,100,5,1,1,0,7,3,3,0,0,0,0,1,16,0,0,1,4,0,0,1,4,0,0,1,5,1,1,0,9,1,1,0,16,3,3,0,42,1,1,1
162,3246,2016-02-19,0,170,0.85,100,6,0,0,0,4,6,6,0,0,3,3,1,13,3,3,1,3,1,1,2,4,0,0,1,5,1,1,0,9,1,1,0,17,2,2,0,36,7,7,1
163,3247,2016-01-04,0,186,0.93,100,5,1,1,0,8,2,2,0,0,2,2,1,14,2,2,1,4,0,0,1,4,0,0,1,5,1,1,0,10,0,0,0,18,1,1,0,43,0,0,1
164,3248,2016-01-07,0,174,0.87,100,4,2,2,0,9,1,1,0,0,3,3,1,13,3,3,1,2,2,2,1,4,0,0,1,5,1,1,0,6,4,4,0,19,0,0,0,38,5,5,1
165,3249,2015-12-29,0,167,0.835,100,6,0,0,0,8,2,2,0,0,4,4,1,10,6,6,1,3,1,1,1,4,0,0,1,4,2,2,0,9,1,1,0,14,5,5,0,36,7,7,1
166,3251,2015-12-29,0,188,0.94,100,6,0,0,0,8,2,2,0,0,1,1,1,14,2,2,1,4,0,0,1,4,0,0,1,6,0,0,0,9,1,1,0,19,0,0,0,42,1,1,1
167,3253,2015-12-29,0,166,0.83,100,4,2,2,0,6,4,4,0,0,4,4,1,13,3,3,1,4,0,0,2,3,1,0,1,3,3,3,0,8,2,2,0,17,2,2,0,36,7,7,1
168,3255,2015-12-29,0,152,0.76,100,4,2,2,0,7,3,3,0,0,2,2,1,13,3,3,1,4,0,0,8,4,0,0,1,3,3,3,0,8,2,2,0,16,3,3,0,38,5,5,14
169,3256,2015-12-29,0,179,0.895,100,5,1,1,0,9,1,1,0,0,2,2,1,15,1,1,1,4,0,0,1,4,0,0,1,2,4,4,0,10,0,0,0,15,4,4,0,40,3,3,1
170,3257,2015-12-29,0,181,0.905,100,6,0,0,0,7,3,3,0,0,2,2,1,16,0,0,1,2,2,2,1,4,0,0,1,4,2,2,0,10,0,0,0,18,1,1,0,39,4,4,1
171,3258,2015-12-29,0,152,0.76,100,5,1,1,0,5,5,5,0,0,3,3,1,9,7,7,1,3,1,1,2,4,0,0,1,3,3,3,0,6,4,4,0,13,6,6,0,31,12,12,1
172,3260,2015-12-29,0,174,0.87,100,3,3,3,0,8,2,2,0,0,4,4,2,16,0,0,1,4,0,0,1,4,0,0,1,4,2,2,0,6,4,4,0,17,2,2,0,40,3,3,1
173,3261,2015-12-29,0,172,0.86,100,6,0,0,0,8,2,2,0,0,2,2,2,13,3,3,2,4,0,0,8,4,0,0,2,6,0,0,0,10,0,0,0,17,2,2,0,39,4,4,1
174,3262,2015-12-29,0,149,0.745,100,5,1,1,0,6,4,4,0,0,5,5,1,13,3,3,1,3,1,1,21,4,0,0,1,3,3,3,0,7,3,3,0,16,3,3,0,40,3,3,1
175,3264,2015-12-29,0,156,0.78,100,4,2,2,0,8,2,2,0,0,2,2,1,11,5,5,1,4,0,0,2,4,0,0,1,4,2,2,0,3,7,7,0,12,7,7,0,32,11,11,1
176,3266,2015-12-29,0,186,0.93,100,6,0,0,0,8,2,2,0,0,3,3,1,15,1,1,1,4,0,0,1,4,0,0,1,5,1,1,0,10,0,0,0,18,1,1,0,42,1,1,1
177,3267,2016-02-25,0,181,0.905,100,4,2,2,0,8,2,2,0,0,2,2,1,14,2,2,1,4,0,0,1,3,1,0,1,5,1,1,0,9,1,1,0,18,1,1,0,41,2,2,1
178,3270,2015-12-29,0,177,0.885,100,6,0,0,0,8,2,2,0,0,2,2,1,15,1,1,1,2,2,2,4,4,0,0,1,3,3,3,0,10,0,0,0,18,1,1,0,39,4,4,1
179,3271,2015-12-29,0,180,0.9,100,6,0,0,0,9,1,1,0,0,2,2,1,15,1,1,1,2,2,2,3,4,0,0,1,4,2,2,0,10,0,0,0,18,1,1,0,39,4,4,1
180,3273,2015-12-29,0,164,0.82,100,5,1,1,0,8,2,2,0,0,4,4,1,13,3,3,1,4,0,0,10,3,1,0,1,6,0,0,0,10,0,0,0,16,3,3,0,35,8,8,1
181,3274,2015-12-29,0,179,0.895,100,6,0,0,0,8,2,2,0,0,3,3,1,13,3,3,1,4,0,0,1,3,1,0,1,5,1,1,0,10,0,0,0,18,1,1,0,38,5,5,1
182,3275,2015-12-29,0,172,0.86,100,5,1,1,0,7,3,3,0,0,1,1,1,13,3,3,1,4,0,0,2,4,0,0,1,3,3,3,0,6,4,4,0,15,4,4,0,41,2,2,2
183,3276,2015-12-29,1,182,0.91,100,6,0,0,0,7,3,3,0,0,1,1,1,16,0,0,1,4,0,0,1,4,0,0,1,3,3,3,0,10,0,0,0,18,1,1,0,38,5,5,1
184,3279,2015-12-29,0,188,0.94,100,5,1,1,0,10,0,0,0,0,1,1,1,14,2,2,1,4,0,0,1,4,0,0,1,6,0,0,0,10,0,0,0,19,0,0,0,40,3,3,1
185,3280,2015-12-29,0,156,0.78,100,4,2,2,0,7,3,3,0,0,1,1,1,14,2,2,7,4,0,0,18,3,1,0,2,5,1,1,0,10,0,0,0,18,1,1,0,39,4,4,1
186,3281,2015-12-29,1,177,0.885,100,4,2,2,0,5,5,5,0,0,2,2,1,16,0,0,2,4,0,0,3,3,1,0,1,6,0,0,0,10,0,0,0,19,0,0,0,38,5,5,1
187,3282,2015-12-29,1,172,0.86,100,6,0,0,0,6,4,4,0,0,3,3,1,12,4,4,1,4,0,0,1,4,0,0,1,4,2,2,0,7,3,3,0,17,2,2,0,38,5,5,1
188,3283,2015-12-29,1,188,0.94,100,5,1,1,0,7,3,3,0,0,0,0,1,14,2,2,1,4,0,0,1,4,0,0,1,6,0,0,0,10,0,0,0,19,0,0,0,42,1,1,1
189,3284,2015-12-29,0,182,0.91,100,5,1,1,0,8,2,2,0,0,1,1,1,16,0,0,1,4,0,0,1,3,1,0,1,6,0,0,0,10,0,0,0,17,2,2,0,37,6,6,1
190,3285,2015-12-29,0,130,0.65,100,1,5,5,0,4,6,6,0,0,0,0,1,6,10,10,1,1,3,3,1,2,2,0,1,3,3,3,0,2,8,8,0,15,4,4,0,19,24,24,1
191,3286,2015-12-29,0,179,0.895,100,6,0,0,0,8,2,2,0,0,3,3,1,16,0,0,1,4,0,0,1,2,2,0,1,6,0,0,0,10,0,0,0,17,2,2,0,36,7,7,1
192,3288,2015-12-29,0,183,0.915,100,6,0,0,0,6,4,4,0,0,2,2,3,16,0,0,1,4,0,0,1,4,0,0,1,5,1,1,0,9,1,1,0,18,1,1,0,42,1,1,1
193,3289,2015-12-29,0,181,0.905,100,5,1,1,0,9,1,1,0,0,3,3,1,14,2,2,1,4,0,0,1,4,0,0,1,6,0,0,0,8,2,2,0,18,1,1,0,39,4,4,1
194,3290,2015-12-29,0,134,0.67,100,1,5,5,0,5,5,5,0,0,3,3,1,10,6,6,1,3,1,1,1,3,1,0,1,2,4,4,0,5,5,5,0,12,7,7,0,19,24,24,1
195,3291,2015-12-29,0,183,0.915,100,5,1,1,0,8,2,2,0,0,3,3,1,15,1,1,1,4,0,0,1,4,0,0,1,4,2,2,0,9,1,1,0,19,0,0,0,41,2,2,1
196,3293,2015-12-29,0,176,0.88,100,4,2,2,0,7,3,3,0,0,3,3,1,14,2,2,1,4,0,0,1,4,0,0,1,5,1,1,0,9,1,1,0,17,2,2,0,38,5,5,1
197,3294,2015-12-29,0,180,0.9,100,5,1,1,0,7,3,3,0,0,3,3,1,14,2,2,1,4,0,0,1,4,0,0,1,5,1,1,0,9,1,1,0,17,2,2,0,41,2,2,1
198,3295,2015-12-29,0,179,0.895,100,5,1,1,0,7,3,3,0,0,3,3,1,13,3,3,1,4,0,0,1,4,0,0,1,5,1,1,0,9,1,1,0,17,2,2,0,41,2,2,1
199,3306,2015-12-29,0,183,0.915,100,6,0,0,0,7,3,3,0,0,1,1,1,15,1,1,1,4,0,0,3,3,1,0,1,6,0,0,0,10,0,0,0,18,1,1,0,40,3,3,1
200,3308,2015-12-29,0,184,0.92,100,6,0,0,0,7,3,3,0,0,0,0,1,13,3,3,1,4,0,0,1,3,1,0,1,6,0,0,0,10,0,0,0,18,1,1,0,40,3,3,1
201,3312,2015-12-29,0,179,0.895,100,6,0,0,0,9,1,1,0,0,2,2,1,12,4,4,1,4,0,0,1,4,0,0,1,6,0,0,0,7,3,3,0,16,3,3,0,40,3,3,1
202,3313,2015-12-29,0,187,0.935,100,5,1,1,0,9,1,1,0,0,1,1,1,15,1,1,1,4,0,0,1,4,0,0,1,5,1,1,0,9,1,1,0,18,1,1,0,42,1,1,1
203,3314,2015-12-29,1,183,0.915,100,6,0,0,0,9,1,1,0,0,2,2,1,16,0,0,2,4,0,0,4,4,0,0,1,4,2,2,0,8,2,2,0,19,0,0,0,42,1,1,1
204,3315,2015-12-29,0,172,0.86,100,4,2,2,0,7,3,3,0,0,2,2,1,15,1,1,1,4,0,0,1,4,0,0,1,3,3,3,0,6,4,4,0,18,1,1,0,36,7,7,1
205,3316,2015-12-29,0,173,0.865,100,6,0,0,0,9,1,1,0,0,3,3,1,16,0,0,1,4,0,0,2,4,0,0,1,3,3,3,0,7,3,3,0,17,2,2,0,34,9,9,1
206,3318,2015-12-29,0,182,0.91,100,6,0,0,0,6,4,4,0,0,0,0,1,14,2,2,1,4,0,0,2,4,0,0,1,6,0,0,0,9,1,1,0,19,0,0,0,38,5,5,1
207,3321,2015-12-29,0,179,0.895,100,4,2,2,0,9,1,1,0,0,1,1,1,15,1,1,1,4,0,0,1,4,0,0,1,4,2,2,0,8,2,2,0,17,2,2,0,38,5,5,1
208,3322,2015-12-29,0,159,0.795,100,5,1,1,0,6,4,4,0,0,2,2,1,13,3,3,1,4,0,0,12,3,1,0,1,5,1,1,0,7,3,3,0,18,1,1,0,34,9,9,1
209,3325,2015-12-29,0,177,0.885,100,6,0,0,0,6,4,4,0,0,2,2,1,13,3,3,1,3,1,1,1,2,2,0,1,5,1,1,0,10,0,0,0,18,1,1,0,40,3,3,2
210,3326,2015-12-29,0,148,0.74,100,4,2,2,0,7,3,3,0,0,4,4,12,10,6,6,8,4,0,0,1,0,4,0,1,5,1,1,0,7,3,3,0,18,1,1,0,38,5,5,1
211,3360,2015-12-29,0,151,0.755,100,6,0,0,0,8,2,2,0,0,1,1,1,15,1,1,1,4,0,0,25,4,0,0,1,3,3,3,0,9,1,1,0,18,1,1,0,34,9,9,3
212,3363,2015-12-29,0,184,0.92,100,5,1,1,0,8,2,2,0,0,0,0,1,13,3,3,1,4,0,0,1,4,0,0,1,5,1,1,0,8,2,2,0,19,0,0,0,41,2,2,1
213,3369,2015-12-29,0,173,0.865,100,4,2,2,0,5,5,5,0,0,2,2,1,13,3,3,1,4,0,0,1,3,1,0,1,6,0,0,0,7,3,3,0,18,1,1,0,38,5,5,1
214,3370,2015-12-29,0,164,0.82,100,5,1,1,0,8,2,2,0,0,2,2,1,12,4,4,1,4,0,0,20,4,0,0,1,6,0,0,0,10,0,0,0,18,1,1,0,42,1,1,2
215,3373,2015-12-29,1,185,0.925,100,6,0,0,0,10,0,0,0,0,0,0,1,13,3,3,1,4,0,0,2,3,1,0,1,6,0,0,0,9,1,1,0,17,2,2,0,41,2,2,1
216,3375,2015-12-29,1,178,0.89,100,6,0,0,0,7,3,3,0,0,2,2,1,14,2,2,1,4,0,0,9,4,0,0,1,6,0,0,0,9,1,1,0,19,0,0,0,42,1,1,1
217,3377,2015-12-29,1,177,0.885,100,5,1,1,0,8,2,2,0,0,2,2,1,16,0,0,1,4,0,0,1,3,1,0,1,6,0,0,0,7,3,3,0,15,4,4,0,38,5,5,1
218,3378,2015-12-29,1,171,0.855,100,6,0,0,0,5,5,5,0,0,3,3,2,16,0,0,2,4,0,0,1,4,0,0,1,5,1,1,0,6,4,4,0,17,2,2,0,36,7,7,1
219,3379,2015-12-29,0,175,0.875,100,5,1,1,0,5,5,5,0,0,2,2,1,16,0,0,1,4,0,0,2,4,0,0,1,5,1,1,0,10,0,0,0,19,0,0,0,33,10,10,1
220,3380,2016-01-04,0,180,0.9,100,5,1,1,0,9,1,1,0,0,2,2,6,16,0,0,1,4,0,0,1,4,0,0,1,4,2,2,0,8,2,2,0,18,1,1,0,42,1,1,1
221,3381,2015-12-29,0,178,0.89,100,5,1,1,0,7,3,3,0,0,2,2,1,14,2,2,1,4,0,0,1,4,0,0,1,5,1,1,0,8,2,2,0,16,3,3,0,40,3,3,1
222,3382,2015-12-29,0,172,0.86,100,3,3,3,0,8,2,2,0,0,1,1,1,9,7,7,1,3,1,1,3,4,0,0,1,5,1,1,0,10,0,0,0,18,1,1,0,38,5,5,1
223,3383,2015-12-29,0,188,0.94,100,5,1,1,0,10,0,0,0,0,0,0,2,16,0,0,1,4,0,0,2,3,1,0,1,5,1,1,0,10,0,0,0,19,0,0,0,41,2,2,1
224,3384,2015-12-29,0,162,0.81,100,6,0,0,0,8,2,2,0,0,3,3,1,13,3,3,1,3,1,1,18,4,0,0,1,4,2,2,0,10,0,0,0,18,1,1,0,39,4,4,1
225,3388,2016-02-19,0,169,0.845,100,4,2,2,0,5,5,5,0,0,4,4,1,14,2,2,1,4,0,0,1,4,0,0,1,4,2,2,0,10,0,0,0,16,3,3,0,36,7,7,2
226,3390,2015-12-29,0,185,0.925,100,6,0,0,0,7,3,3,0,0,1,1,1,15,1,1,1,4,0,0,1,4,0,0,1,4,2,2,0,10,0,0,0,18,1,1,0,41,2,2,1
227,3391,2016-01-04,0,188,0.94,100,6,0,0,0,10,0,0,0,0,0,0,1,15,1,1,1,4,0,0,1,4,0,0,1,6,0,0,0,7,3,3,0,18,1,1,0,41,2,2,1
228,3395,2015-12-29,0,167,0.835,100,6,0,0,0,8,2,2,0,0,3,3,3,16,0,0,1,4,0,0,11,3,1,0,1,4,2,2,0,8,2,2,0,17,2,2,0,39,4,4,1
229,3397,2015-12-29,0,190,0.95,100,6,0,0,0,10,0,0,0,0,0,0,1,15,1,1,1,4,0,0,1,4,0,0,1,6,0,0,0,10,0,0,0,18,1,1,0,0,0,3,1
230,3398,2015-12-29,0,152,0.76,100,5,1,1,0,6,4,4,0,0,4,4,1,13,3,3,1,4,0,0,17,3,1,0,1,3,3,3,0,8,2,2,0,15,4,4,0,38,5,5,1
231,3399,2015-12-29,0,154,0.77,100,3,3,3,0,5,5,5,0,0,4,4,1,11,5,5,2,4,0,0,1,3,1,0,1,4,2,2,0,5,5,5,0,13,6,6,0,37,6,6,4
232,3400,2015-12-29,0,174,0.87,100,5,1,1,0,7,3,3,0,0,1,1,1,14,2,2,1,4,0,0,1,4,0,0,1,5,1,1,0,7,3,3,0,13,6,6,0,39,4,4,1
233,3402,2015-12-29,0,176,0.88,100,6,0,0,0,5,5,5,0,0,2,2,1,16,0,0,1,4,0,0,5,4,0,0,1,3,3,3,0,10,0,0,0,19,0,0,0,38,5,5,1
234,3403,2015-12-29,0,182,0.91,100,6,0,0,0,10,0,0,0,0,3,3,1,15,1,1,1,4,0,0,1,4,0,0,1,5,1,1,0,10,0,0,0,17,2,2,0,37,6,6,1
235,3404,2015-12-29,0,156,0.78,100,4,2,2,0,6,4,4,0,0,2,2,1,13,3,3,1,4,0,0,1,4,0,0,5,4,2,2,0,6,4,4,0,14,5,5,0,31,12,12,2
236,3405,2016-02-22,0,153,0.765,100,4,2,2,0,5,5,5,0,0,5,5,1,15,1,1,8,4,0,0,1,3,1,0,1,0,6,6,0,7,3,3,0,16,3,3,0,34,9,9,1
237,3406,2015-12-29,1,183,0.915,100,5,1,1,0,10,0,0,0,0,0,0,1,13,3,3,1,3,1,1,1,4,0,0,1,5,1,1,0,9,1,1,0,19,0,0,0,38,5,5,1
238,3407,2016-01-04,1,184,0.92,100,6,0,0,0,5,5,5,0,0,1,1,1,12,4,4,1,4,0,0,1,4,0,0,1,5,1,1,0,10,0,0,0,19,0,0,0,43,0,0,1
239,3421,2015-12-29,1,95,0.475,100,4,2,2,0,3,7,7,0,0,4,4,2,16,0,0,70,4,0,0,1,3,1,0,1,4,2,2,0,5,5,5,0,17,2,2,0,36,7,7,1
240,3487,2015-12-29,0,162,0.81,100,5,1,1,0,7,3,3,0,0,3,3,1,13,3,3,1,4,0,0,1,3,1,0,2,3,3,3,0,7,3,3,0,15,4,4,0,32,11,11,1
241,3489,2015-12-29,0,156,0.78,100,6,0,0,0,5,5,5,0,0,4,4,1,8,8,8,1,3,1,1,1,4,0,0,1,5,1,1,0,5,5,5,0,15,4,4,0,32,11,11,1
242,3564,2015-12-29,0,166,0.83,100,4,2,2,0,7,3,3,0,0,2,2,1,14,2,2,1,4,0,0,8,4,0,0,4,5,1,1,0,8,2,2,0,16,3,3,0,39,4,4,1
243,3565,2015-12-29,0,167,0.835,100,4,2,2,0,8,2,2,0,0,4,4,1,13,3,3,1,4,0,0,1,3,1,0,1,4,2,2,0,7,3,3,0,17,2,2,0,34,9,9,1
244,3566,2015-12-29,0,185,0.925,100,6,0,0,0,9,1,1,0,0,1,1,1,15,1,1,1,2,2,2,1,4,0,0,1,6,0,0,0,9,1,1,0,18,1,1,0,40,3,3,1
245,3572,2015-12-29,0,176,0.88,100,4,2,2,0,7,3,3,0,0,4,4,1,13,3,3,1,4,0,0,1,4,0,0,1,4,2,2,0,9,1,1,0,19,0,0,0,39,4,4,1
246,3579,2015-12-29,1,182,0.91,100,3,3,3,0,10,0,0,0,0,1,1,1,15,1,1,1,4,0,0,1,4,0,0,1,4,2,2,0,9,1,1,0,17,2,2,0,40,3,3,1
247,3580,2015-12-29,0,181,0.905,100,5,1,1,0,10,0,0,0,0,0,0,1,14,2,2,1,2,2,2,1,4,0,0,1,5,1,1,0,5,5,5,0,18,1,1,0,41,2,2,1
248,3581,2015-12-29,0,190,0.95,100,6,0,0,0,8,2,2,0,0,2,2,1,15,1,1,1,4,0,0,1,4,0,0,1,6,0,0,0,10,0,0,0,19,0,0,0,43,0,0,1
249,3583,2016-02-19,0,166,0.83,100,5,1,1,0,8,2,2,0,0,3,3,1,13,3,3,1,3,1,1,15,4,0,0,1,5,1,1,0,10,0,0,0,18,1,1,0,40,3,3,1
250,3584,2016-02-19,0,179,0.895,100,5,1,1,0,8,2,2,0,0,2,2,1,15,1,1,1,4,0,0,1,4,0,0,1,4,2,2,0,7,3,3,0,17,2,2,0,41,2,2,2
251,3585,2015-12-29,0,180,0.9,100,6,0,0,0,8,2,2,0,0,2,2,1,16,0,0,1,4,0,0,2,4,0,0,1,5,1,1,0,8,2,2,0,17,2,2,0,38,5,5,1
252,3586,2015-12-29,0,182,0.91,100,6,0,0,0,6,4,4,0,0,2,2,1,16,0,0,2,4,0,0,2,4,0,0,2,0,0,1,0,10,0,0,0,19,0,0,0,40,3,3,1
253,3587,2015-12-29,0,142,0.71,100,6,0,0,0,8,2,2,0,0,1,1,1,13,3,3,2,4,0,0,39,4,0,0,3,4,2,2,0,10,0,0,0,18,1,1,0,42,1,1,3
254,3588,2015-12-29,1,185,0.925,100,5,1,1,0,9,1,1,0,0,0,0,1,15,1,1,1,4,0,0,1,4,0,0,1,6,0,0,0,7,3,3,0,17,2,2,0,41,2,2,1
255,3590,2015-12-29,0,156,0.78,100,6,0,0,0,6,4,4,0,0,2,2,1,11,5,5,1,4,0,0,19,4,0,0,1,6,0,0,0,10,0,0,0,16,3,3,0,36,7,7,1
256,3593,2015-12-29,0,185,0.925,100,4,2,2,0,9,1,1,0,0,2,2,1,16,0,0,1,0,0,1,5,4,0,0,1,6,0,0,0,10,0,0,0,19,0,0,0,43,0,0,1
257,3594,2015-12-29,0,173,0.865,100,5,1,1,0,7,3,3,0,0,4,4,1,13,3,3,1,4,0,0,1,4,0,0,1,4,2,2,0,8,2,2,0,18,1,1,0,37,6,6,1
258,3596,2016-03-21,0,166,0.83,100,5,1,1,0,8,2,2,0,0,1,1,1,13,3,3,1,4,0,0,1,4,0,0,1,3,3,3,0,6,4,4,0,13,6,6,0,36,7,7,3
259,3597,2015-12-29,0,161,0.805,100,3,3,3,0,8,2,2,0,0,3,3,1,16,0,0,1,4,0,0,13,4,0,0,1,4,2,2,0,7,3,3,0,15,4,4,0,38,5,5,1
260,3603,2015-12-29,0,185,0.925,100,6,0,0,0,10,0,0,0,0,1,1,1,14,2,2,1,4,0,0,2,4,0,0,1,5,1,1,0,10,0,0,0,19,0,0,0,39,4,4,2
261,3604,2015-12-29,0,168,0.84,100,5,1,1,0,8,2,2,0,0,0,0,1,13,3,3,4,4,0,0,10,4,0,0,1,4,2,2,0,10,0,0,0,18,1,1,0,38,5,5,2
262,3605,2015-12-29,0,187,0.935,100,6,0,0,0,9,1,1,0,0,2,2,1,15,1,1,1,4,0,0,1,4,0,0,1,5,1,1,0,10,0,0,0,18,1,1,0,41,2,2,1
263,3606,2015-12-29,0,180,0.9,100,5,1,1,0,8,2,2,0,0,1,1,1,14,2,2,1,4,0,0,1,4,0,0,1,6,0,0,0,8,2,2,0,16,3,3,0,39,4,4,1
264,3607,2015-12-29,0,190,0.95,100,6,0,0,0,10,0,0,0,0,1,1,1,14,2,2,2,4,0,0,1,4,0,0,1,6,0,0,0,10,0,0,0,18,1,1,0,43,0,0,1
265,3609,2015-12-29,0,170,0.85,100,4,2,2,0,5,5,5,0,0,3,3,2,14,2,2,1,4,0,0,3,4,0,0,1,4,2,2,0,7,3,3,0,18,1,1,0,39,4,4,1
266,3610,2015-12-29,0,163,0.815,100,5,1,1,0,7,3,3,0,0,1,1,1,13,3,3,6,3,1,1,1,4,0,0,3,5,1,1,0,7,3,3,0,19,0,0,0,32,11,11,2
267,3613,2015-12-29,1,174,0.87,100,5,1,1,0,7,3,3,0,0,1,1,2,14,2,2,2,4,0,0,4,4,0,0,2,5,1,1,0,9,1,1,0,17,2,2,0,39,4,4,1
268,3614,2016-02-19,0,183,0.915,100,6,0,0,0,8,2,2,0,0,2,2,1,15,1,1,2,4,0,0,3,4,0,0,1,6,0,0,0,9,1,1,0,19,0,0,0,40,3,3,1
269,3617,2016-03-01,0,174,0.87,100,4,2,2,0,7,3,3,0,0,3,3,3,15,1,1,1,4,0,0,1,4,0,0,1,2,4,4,0,7,3,3,0,18,1,1,0,41,2,2,1
270,3620,2015-12-29,0,170,0.85,100,2,4,4,0,4,6,6,0,0,4,4,1,16,0,0,1,3,1,1,6,4,0,0,2,5,1,1,0,7,3,3,0,19,0,0,0,43,0,0,1
271,3621,2015-12-29,0,181,0.905,100,4,2,2,0,8,2,2,0,0,0,0,1,16,0,0,1,4,0,0,1,2,2,0,1,5,1,1,0,9,1,1,0,9,1,1,0,38,5,5,1
272,3622,2015-12-29,0,192,0.96,100,6,0,0,0,9,1,1,0,0,0,0,1,15,1,1,1,4,0,0,1,4,0,0,1,6,0,0,0,9,1,1,0,19,0,0,0,43,0,0,1
273,3623,2015-12-29,0,173,0.865,100,6,0,0,0,7,3,3,0,0,2,2,2,14,2,2,2,4,0,0,1,3,1,0,1,3,3,3,0,9,1,1,0,17,2,2,0,37,6,6,1
274,3624,2015-12-29,0,172,0.86,100,5,1,1,0,8,2,2,0,0,3,3,1,14,2,2,1,4,0,0,11,4,0,0,1,4,2,2,0,10,0,0,0,18,1,1,0,41,2,2,1
275,3625,2015-12-29,0,150,0.75,100,4,2,2,0,6,4,4,0,0,4,4,1,9,7,7,1,4,0,0,1,4,0,0,1,0,6,6,0,6,4,4,0,12,7,7,0,32,11,11,1
276,3626,2016-01-04,0,189,0.945,100,6,0,0,0,9,1,1,0,0,1,1,1,14,2,2,1,4,0,0,1,4,0,0,1,6,0,0,0,10,0,0,0,18,1,1,0,42,1,1,1
277,3627,2016-01-04,0,189,0.945,100,6,0,0,0,9,1,1,0,0,1,1,1,14,2,2,1,4,0,0,1,4,0,0,1,6,0,0,0,10,0,0,0,18,1,1,0,42,1,1,1
278,3628,2015-12-29,0,177,0.885,100,5,1,1,0,9,1,1,0,0,2,2,1,14,2,2,1,4,0,0,1,4,0,0,1,5,1,1,0,8,2,2,0,17,2,2,0,36,7,7,1
279,3631,2015-12-29,0,173,0.865,100,5,1,1,0,8,2,2,0,0,1,1,1,15,1,1,1,4,0,0,11,4,0,0,1,6,0,0,0,9,1,1,0,18,1,1,0,38,5,5,1
280,3634,2015-12-29,1,192,0.96,100,6,0,0,0,9,1,1,0,0,0,0,2,16,0,0,1,4,0,0,1,4,0,0,1,5,1,1,0,10,0,0,0,19,0,0,0,43,0,0,1
281,3635,2016-02-22,0,187,0.935,100,6,0,0,0,8,2,2,0,0,0,0,1,15,1,1,1,4,0,0,1,4,0,0,1,5,1,1,0,8,2,2,0,18,1,1,0,42,1,1,1
282,3636,2015-12-29,1,179,0.895,100,6,0,0,0,6,4,4,0,0,1,1,1,14,2,2,1,4,0,0,1,3,1,0,1,6,0,0,0,10,0,0,0,16,3,3,0,38,5,5,1
283,3639,2016-01-04,0,143,0.715,100,2,4,4,0,6,4,4,0,0,5,5,1,10,6,6,1,4,0,0,4,3,1,0,1,4,2,2,0,4,6,6,0,13,6,6,0,30,13,13,3
284,3641,2015-12-29,1,186,0.93,100,4,2,2,0,8,2,2,0,0,0,0,1,16,0,0,2,4,0,0,1,4,0,0,1,6,0,0,0,9,1,1,0,18,1,1,0,41,2,2,1
285,3642,2015-12-29,0,191,0.955,100,5,1,1,0,9,1,1,0,0,0,0,2,15,1,1,1,4,0,0,1,4,0,0,1,6,0,0,0,10,0,0,0,19,0,0,0,43,0,0,1
286,3644,2016-02-19,0,172,0.86,100,5,1,1,0,6,4,4,0,0,2,2,1,13,3,3,1,2,2,2,2,3,1,0,1,5,1,1,0,8,2,2,0,17,2,2,0,39,4,4,1
287,3645,2016-01-04,0,161,0.805,100,5,1,1,0,6,4,4,0,0,4,4,1,13,3,3,2,2,2,2,1,4,0,0,2,3,3,3,0,6,4,4,0,16,3,3,0,35,8,8,1
288,3646,2015-12-29,0,166,0.83,100,3,3,3,0,9,1,1,0,0,0,0,1,12,4,4,2,4,0,0,1,4,0,0,1,3,3,3,0,4,6,6,0,14,5,5,0,37,6,6,1
289,3950,2015-12-29,1,173,0.865,100,5,1,1,0,8,2,2,0,0,3,3,1,12,4,4,1,4,0,0,1,4,0,0,1,1,5,5,0,8,2,2,0,18,1,1,0,41,2,2,3
290,4000,2015-12-29,1,184,0.92,100,5,1,1,0,8,2,2,0,0,1,1,1,14,2,2,1,4,0,0,1,4,0,0,1,6,0,0,0,7,3,3,0,17,2,2,0,43,0,0,1
291,4019,2015-12-29,1,174,0.87,100,3,3,3,0,6,4,4,0,0,3,3,1,12,4,4,1,4,0,0,1,4,0,0,1,5,1,1,0,9,1,1,0,16,3,3,0,41,2,2,1
292,4025,2015-12-29,1,170,0.85,100,3,3,3,0,7,3,3,0,0,1,1,1,14,2,2,1,3,1,1,3,2,2,0,1,2,4,4,0,9,1,1,0,17,2,2,0,39,4,4,1
293,4082,2015-12-29,0,188,0.94,100,5,1,1,0,9,1,1,0,0,0,0,1,16,0,0,1,0,0,1,1,4,0,0,1,5,1,1,0,8,2,2,0,18,1,1,0,43,0,0,1
294,4085,2015-12-29,0,146,0.73,100,4,2,2,0,5,5,5,0,0,3,3,1,10,6,6,2,4,0,0,19,3,1,0,3,3,3,3,0,8,2,2,0,17,2,2,0,39,4,4,1
295,4088,2015-12-29,0,161,0.805,100,6,0,0,0,5,5,5,0,0,3,3,3,13,3,3,3,4,0,0,2,4,0,0,2,2,4,4,0,5,5,5,0,16,3,3,0,38,5,5,1
296,4092,2015-12-29,0,175,0.875,100,6,0,0,0,7,3,3,0,0,3,3,1,16,0,0,2,4,0,0,4,3,1,0,1,6,0,0,0,8,2,2,0,18,1,1,0,37,6,6,1
297,4101,2015-12-29,1,174,0.87,100,6,0,0,0,8,2,2,0,0,3,3,1,16,0,0,1,4,0,0,6,4,0,0,8,5,1,1,0,7,3,3,0,19,0,0,0,43,0,0,1
298,4106,2015-12-29,0,189,0.945,100,6,0,0,0,10,0,0,0,0,0,0,1,16,0,0,1,4,0,0,1,4,0,0,1,6,0,0,0,8,2,2,0,18,1,1,0,40,3,3,1
299,4132,2015-12-29,0,170,0.85,100,6,0,0,0,8,2,2,0,0,2,2,2,14,2,2,1,4,0,0,8,4,0,0,1,4,2,2,0,8,2,2,0,17,2,2,0,40,3,3,3
300,4133,2015-12-29,0,66,0.33,100,5,1,1,0,5,5,5,0,0,7,7,1,12,4,4,27,4,0,0,35,4,0,0,1,4,2,2,0,5,5,5,0,17,2,2,0,35,8,8,36
301,4135,2015-12-29,0,182,0.91,100,6,0,0,0,9,1,1,0,0,2,2,1,16,0,0,1,3,1,1,2,3,1,0,1,4,2,2,0,10,0,0,0,18,1,1,0,39,4,4,1
302,4142,2015-12-29,0,176,0.88,100,2,4,4,0,5,5,5,0,0,3,3,1,15,1,1,1,4,0,0,1,4,0,0,1,6,0,0,0,7,3,3,0,18,1,1,0,41,2,2,1
303,4161,2015-12-29,0,130,0.65,100,4,2,2,0,7,3,3,0,0,1,1,10,12,4,4,30,4,0,0,1,4,0,0,14,6,0,0,0,9,1,1,0,17,2,2,0,42,1,1,1
304,4223,2015-12-29,0,182,0.91,100,5,1,1,0,9,1,1,0,0,4,4,1,16,0,0,1,4,0,0,1,4,0,0,1,6,0,0,0,7,3,3,0,17,2,2,0,41,2,2,1
305,4228,2015-12-29,1,187,0.935,100,5,1,1,0,9,1,1,0,0,2,2,1,15,1,1,1,4,0,0,1,4,0,0,1,6,0,0,0,9,1,1,0,19,0,0,0,41,2,2,1
306,4229,2015-12-29,0,178,0.89,100,5,1,1,0,7,3,3,0,0,3,3,1,16,0,0,1,4,0,0,3,4,0,0,1,5,1,1,0,7,3,3,0,16,3,3,0,42,1,1,1
307,4230,2015-12-29,0,176,0.88,100,4,2,2,0,8,2,2,0,0,1,1,6,13,3,3,1,4,0,0,1,4,0,0,1,5,1,1,0,8,2,2,0,18,1,1,0,41,2,2,1
308,4234,2015-12-29,0,178,0.89,100,4,2,2,0,10,0,0,0,0,2,2,1,13,3,3,1,4,0,0,1,4,0,0,1,5,1,1,0,7,3,3,0,17,2,2,0,39,4,4,1
309,4243,2015-12-29,0,187,0.935,100,6,0,0,0,9,1,1,0,0,0,0,2,13,3,3,1,4,0,0,1,3,1,0,1,5,1,1,0,9,1,1,0,19,0,0,0,43,0,0,1
310,4244,2015-12-29,0,183,0.915,100,6,0,0,0,9,1,1,0,0,1,1,1,15,1,1,1,4,0,0,1,0,0,0,1,6,0,0,0,6,4,4,0,18,1,1,0,40,3,3,1
311,4247,2015-12-29,1,169,0.845,100,5,1,1,0,7,3,3,0,0,4,4,3,15,1,1,1,3,1,1,4,4,0,0,2,4,2,2,0,6,4,4,0,19,0,0,0,39,4,4,1
312,4262,2015-12-29,0,182,0.91,100,6,0,0,0,4,6,6,0,0,0,0,1,15,1,1,1,4,0,0,1,4,0,0,1,5,1,1,0,10,0,0,0,19,0,0,0,39,4,4,2
313,4265,2015-12-29,0,156,0.78,100,6,0,0,0,6,4,4,0,0,4,4,1,13,3,3,1,3,1,1,17,4,0,0,1,4,2,2,0,7,3,3,0,15,4,4,0,41,2,2,1
314,4271,2015-12-29,0,160,0.8,100,4,2,2,0,6,4,4,0,0,2,2,1,14,2,2,3,3,1,1,10,3,1,0,1,5,1,1,0,7,3,3,0,15,4,4,0,39,4,4,1
315,4280,2015-12-29,1,179,0.895,100,4,2,2,0,6,4,4,0,0,1,1,1,14,2,2,1,4,0,0,1,3,1,0,1,4,2,2,0,9,1,1,0,19,0,0,0,40,3,3,1
316,4282,2015-12-29,0,135,0.675,100,5,1,1,0,6,4,4,0,0,3,3,2,16,0,0,1,4,0,0,46,4,0,0,1,5,1,1,0,10,0,0,0,19,0,0,0,38,5,5,1
317,4283,2015-12-29,1,181,0.905,100,6,0,0,0,10,0,0,0,0,1,1,1,16,0,0,2,4,0,0,3,4,0,0,1,4,2,2,0,7,3,3,0,18,1,1,0,39,4,4,1
318,4285,2015-12-29,0,140,0.7,100,6,0,0,0,6,4,4,0,0,3,3,1,13,3,3,1,4,0,0,31,4,0,0,1,2,4,4,0,6,4,4,0,16,3,3,0,39,4,4,1
319,4286,2015-12-29,1,179,0.895,100,5,1,1,0,7,3,3,0,0,1,1,1,13,3,3,2,4,0,0,1,4,0,0,2,6,0,0,0,9,1,1,0,17,2,2,0,40,3,3,1
320,4295,2015-12-29,0,131,0.655,100,6,0,0,0,8,2,2,0,0,0,0,2,13,3,3,46,2,2,2,1,2,2,0,1,6,0,0,0,9,1,1,0,17,2,2,0,37,6,6,1
321,4297,2015-12-29,0,168,0.84,100,5,1,1,0,4,6,6,0,0,6,6,6,14,2,2,1,4,0,0,1,3,1,0,1,3,3,3,0,10,0,0,0,17,2,2,0,42,1,1,1
322,4298,2015-12-29,0,143,0.715,100,5,1,1,0,10,0,0,0,0,2,2,1,15,1,1,2,4,0,0,42,4,0,0,1,5,1,1,0,7,3,3,0,18,1,1,0,42,1,1,1
323,4299,2016-01-04,0,184,0.92,100,4,2,2,0,8,2,2,0,0,2,2,1,15,1,1,1,4,0,0,1,4,0,0,1,6,0,0,0,9,1,1,0,17,2,2,0,42,1,1,1
324,4300,2015-12-29,0,123,0.615,100,2,4,4,0,6,4,4,0,0,3,3,1,5,11,11,1,2,2,2,2,3,1,0,1,2,4,4,0,3,7,7,0,13,6,6,0,14,29,29,1
325,4303,2015-12-29,0,158,0.79,100,5,1,1,0,6,4,4,0,0,1,1,1,15,1,1,1,4,0,0,28,4,0,0,1,6,0,0,0,10,0,0,0,17,2,2,0,42,1,1,1
326,4304,2015-12-29,1,175,0.875,100,5,1,1,0,8,2,2,0,0,2,2,2,12,4,4,2,4,0,0,1,4,0,0,1,3,3,3,0,9,1,1,0,18,1,1,0,39,4,4,1
327,4306,2015-12-29,0,178,0.89,100,4,2,2,0,6,4,4,0,0,0,0,1,15,1,1,1,4,0,0,1,3,1,0,1,3,3,3,0,10,0,0,0,19,0,0,0,37,6,6,1
328,4307,2015-12-29,0,169,0.845,100,5,1,1,0,8,2,2,0,0,3,3,1,12,4,4,2,2,2,2,1,4,0,0,1,5,1,1,0,9,1,1,0,18,1,1,0,33,10,10,1
329,4315,2015-12-29,0,189,0.945,100,6,0,0,0,8,2,2,0,0,0,0,1,16,0,0,1,4,0,0,1,4,0,0,1,4,2,2,0,10,0,0,0,19,0,0,0,41,2,2,1
330,4316,2015-12-29,0,158,0.79,100,4,2,2,0,4,6,6,0,0,3,3,1,11,5,5,1,3,1,1,1,3,1,0,1,3,3,3,0,4,6,6,0,14,5,5,0,38,5,5,1
331,4341,2015-12-29,0,162,0.81,100,3,3,3,0,4,6,6,0,0,3,3,1,13,3,3,1,4,0,0,1,4,0,0,1,5,1,1,0,6,4,4,0,14,5,5,0,35,8,8,1
332,4342,2015-12-29,0,163,0.815,100,5,1,1,0,7,3,3,0,0,1,1,10,15,1,1,1,3,1,1,2,4,0,0,1,4,2,2,0,8,2,2,0,16,3,3,0,35,8,8,1
333,4343,2015-12-29,0,162,0.81,100,5,1,1,0,9,1,1,0,0,4,4,1,13,3,3,2,3,1,1,2,4,0,0,1,4,2,2,0,4,6,6,0,18,1,1,0,31,12,12,1
334,4344,2015-12-29,0,185,0.925,100,6,0,0,0,9,1,1,0,0,1,1,1,14,2,2,1,4,0,0,1,4,0,0,1,6,0,0,0,9,1,1,0,17,2,2,0,40,3,3,1
335,4345,2015-12-29,0,180,0.9,100,6,0,0,0,8,2,2,0,0,2,2,1,16,0,0,1,4,0,0,1,4,0,0,1,5,1,1,0,10,0,0,0,17,2,2,0,35,8,8,1
336,4346,2015-12-29,0,173,0.865,100,5,1,1,0,7,3,3,0,0,1,1,1,14,2,2,1,4,0,0,1,4,0,0,1,3,3,3,0,6,4,4,0,17,2,2,0,37,6,6,1
337,4347,2015-12-29,0,178,0.89,100,6,0,0,0,9,1,1,0,0,3,3,1,15,1,1,1,4,0,0,1,3,1,0,1,4,2,2,0,7,3,3,0,15,4,4,0,41,2,2,1
338,4348,2015-12-29,0,80,0.4,100,2,4,4,0,5,5,5,0,0,3,3,13,12,4,4,7,3,1,1,63,2,2,0,1,4,2,2,0,7,3,3,0,17,2,2,0,34,9,9,1
339,4349,2015-12-29,0,160,0.8,100,3,3,3,0,5,5,5,0,0,6,6,2,13,3,3,1,3,1,1,3,4,0,0,1,3,3,3,0,8,2,2,0,13,6,6,0,40,3,3,1
340,4350,2015-12-29,0,185,0.925,100,5,1,1,0,8,2,2,0,0,2,2,1,15,1,1,1,4,0,0,1,4,0,0,1,6,0,0,0,9,1,1,0,18,1,1,0,41,2,2,1
341,4351,2015-12-29,0,184,0.92,100,5,1,1,0,6,4,4,0,0,2,2,1,16,0,0,1,4,0,0,1,4,0,0,1,5,1,1,0,10,0,0,0,19,0,0,0,40,3,3,1
342,4352,2015-12-29,0,134,0.67,100,4,2,2,0,7,3,3,0,0,2,2,3,13,3,3,2,4,0,0,27,4,0,0,1,4,2,2,0,7,3,3,0,12,7,7,0,33,10,10,1
343,4353,2015-12-29,0,173,0.865,100,3,3,3,0,7,3,3,0,0,2,2,1,16,0,0,1,4,0,0,10,4,0,0,2,6,0,0,0,10,0,0,0,18,1,1,0,40,3,3,1
344,4354,2015-12-29,0,176,0.88,100,5,1,1,0,7,3,3,0,0,2,2,1,14,2,2,1,2,2,2,1,4,0,0,1,5,1,1,0,10,0,0,0,18,1,1,0,36,7,7,1
345,4355,2015-12-29,1,187,0.935,100,5,1,1,0,7,3,3,0,0,0,0,1,15,1,1,1,4,0,0,1,4,0,0,1,5,1,1,0,10,0,0,0,19,0,0,0,41,2,2,1
346,4356,2015-12-29,1,163,0.815,100,5,1,1,0,7,3,3,0,0,3,3,2,13,3,3,1,4,0,0,8,4,0,0,1,3,3,3,0,10,0,0,0,14,5,5,0,37,6,6,1
347,4357,2015-12-29,0,167,0.835,100,5,1,1,0,7,3,3,0,0,3,3,4,15,1,1,1,4,0,0,5,4,0,0,1,6,0,0,0,7,3,3,0,16,3,3,0,36,7,7,1
348,4358,2015-12-29,0,170,0.85,100,6,0,0,0,9,1,1,0,0,3,3,1,15,1,1,1,4,0,0,14,3,1,0,1,6,0,0,0,9,1,1,0,19,0,0,0,38,5,5,1
349,4359,2016-01-04,0,142,0.71,100,4,2,2,0,7,3,3,0,0,3,3,3,14,2,2,1,4,0,0,16,4,0,0,1,4,2,2,0,8,2,2,0,16,3,3,0,24,19,19,1
350,4360,2015-12-29,0,156,0.78,100,3,3,3,0,8,2,2,0,0,0,0,1,13,3,3,1,4,0,0,11,4,0,0,1,5,1,1,0,7,3,3,0,17,2,2,0,28,15,15,1
351,4362,2015-12-29,0,153,0.765,100,5,1,1,0,4,6,6,0,0,4,4,1,13,3,3,1,4,0,0,2,3,1,0,1,2,4,4,0,7,3,3,0,16,3,3,0,27,16,16,1
352,4363,2015-12-29,0,172,0.86,100,6,0,0,0,6,4,4,0,0,0,0,1,14,2,2,2,4,0,0,1,4,0,0,1,5,1,1,0,10,0,0,0,16,3,3,0,31,12,12,1
353,4364,2015-12-29,1,154,0.77,100,5,1,1,0,8,2,2,0,0,3,3,1,15,1,1,1,4,0,0,1,2,2,0,1,4,2,2,0,9,1,1,0,17,2,2,0,16,27,27,1
354,4365,2015-12-29,0,160,0.8,100,2,4,4,0,8,2,2,0,0,3,3,1,14,2,2,1,3,1,1,3,4,0,0,1,1,5,5,0,7,3,3,0,11,8,8,0,38,5,5,1
355,4719,2016-02-22,0,171,0.855,100,4,2,2,0,7,3,3,0,0,2,2,1,12,4,4,1,3,1,1,1,4,0,0,1,3,3,3,0,7,3,3,0,17,2,2,0,39,4,4,1
356,4767,2016-02-22,0,139,0.695,100,4,2,2,0,4,6,6,0,0,3,3,1,13,3,3,1,2,2,2,20,4,0,0,1,5,1,1,0,6,4,4,0,13,6,6,0,33,10,10,1
357,4931,2016-02-25,0,159,0.795,100,4,2,2,0,8,2,2,0,0,3,3,1,15,1,1,1,3,1,1,1,3,1,0,1,3,3,3,0,8,2,2,0,16,3,3,0,25,18,18,1
358,4932,2016-02-22,0,182,0.91,100,6,0,0,0,7,3,3,0,0,2,2,1,16,0,0,1,3,1,1,1,4,0,0,1,4,2,2,0,10,0,0,0,18,1,1,0,39,4,4,1
359,4933,2016-02-22,0,151,0.755,100,4,2,2,0,7,3,3,0,0,1,1,2,10,6,6,1,4,0,0,25,4,0,0,1,6,0,0,0,9,1,1,0,15,4,4,0,41,2,2,1
360,4934,2016-03-01,0,166,0.83,100,5,1,1,0,8,2,2,0,0,4,4,1,16,0,0,1,3,1,1,8,4,0,0,1,4,2,2,0,7,3,3,0,16,3,3,0,38,5,5,2
361,4935,2016-02-22,0,173,0.865,100,3,3,3,0,8,2,2,0,0,1,1,1,12,4,4,1,4,0,0,7,4,0,0,1,5,1,1,0,9,1,1,0,18,1,1,0,40,3,3,1
362,4937,2016-02-22,0,146,0.73,100,5,1,1,0,6,4,4,0,0,1,1,2,9,7,7,4,4,0,0,19,4,0,0,1,2,4,4,0,7,3,3,0,16,3,3,0,39,4,4,1
363,4938,2016-02-22,1,181,0.905,100,6,0,0,0,8,2,2,0,0,3,3,4,16,0,0,1,4,0,0,4,4,0,0,1,6,0,0,0,10,0,0,0,17,2,2,0,42,1,1,1
364,4940,2016-02-25,0,179,0.895,100,4,2,2,0,9,1,1,0,0,2,2,1,14,2,2,1,4,0,0,1,4,0,0,1,6,0,0,0,6,4,4,0,17,2,2,0,40,3,3,1
365,4946,2016-02-22,0,178,0.89,100,6,0,0,0,7,3,3,0,0,4,4,1,15,1,1,1,4,0,0,1,4,0,0,1,4,2,2,0,9,1,1,0,19,0,0,0,37,6,6,1
366,4948,2016-03-08,0,175,0.875,100,3,3,3,0,9,1,1,0,0,2,2,1,13,3,3,1,4,0,0,2,4,0,0,1,5,1,1,0,8,2,2,0,16,3,3,0,39,4,4,1
367,4950,2016-02-22,1,179,0.895,100,3,3,3,0,9,1,1,0,0,4,4,1,15,1,1,1,4,0,0,1,4,0,0,1,4,2,2,0,8,2,2,0,19,0,0,0,40,3,3,1
368,4951,2016-02-25,0,165,0.825,100,2,4,4,0,4,6,6,0,0,4,4,1,11,5,5,2,3,1,1,2,3,1,0,1,5,1,1,0,8,2,2,0,17,2,2,0,41,2,2,1
369,4952,2016-02-22,0,189,0.945,100,6,0,0,0,8,2,2,0,0,0,0,1,14,2,2,1,4,0,0,1,4,0,0,1,6,0,0,0,10,0,0,0,19,0,0,0,41,2,2,1
370,4954,2016-03-08,0,174,0.87,100,5,1,1,0,5,5,5,0,0,3,3,1,13,3,3,1,2,2,2,3,4,0,0,1,5,1,1,0,9,1,1,0,18,1,1,0,41,2,2,1
371,4955,2016-02-22,0,172,0.86,100,4,2,2,0,8,2,2,0,0,3,3,1,13,3,3,1,4,0,0,1,3,1,0,1,5,1,1,0,7,3,3,0,16,3,3,0,38,5,5,1
372,4956,2016-02-22,0,164,0.82,100,5,1,1,0,9,1,1,0,0,3,3,4,12,4,4,1,4,0,0,1,4,0,0,2,5,1,1,0,9,1,1,0,14,5,5,0,36,7,7,5
373,4957,2016-02-22,0,174,0.87,100,6,0,0,0,7,3,3,0,0,3,3,1,13,3,3,1,4,0,0,1,3,1,0,1,5,1,1,0,7,3,3,0,16,3,3,0,39,4,4,1
374,4958,2016-02-22,0,176,0.88,100,6,0,0,0,8,2,2,0,0,3,3,1,14,2,2,1,3,1,1,1,4,0,0,1,3,3,3,0,10,0,0,0,19,0,0,0,36,7,7,2
375,4962,2016-02-22,0,184,0.92,100,4,2,2,0,9,1,1,0,0,0,0,2,15,1,1,1,4,0,0,1,3,1,0,1,6,0,0,0,9,1,1,0,17,2,2,0,41,2,2,1
376,4965,2016-02-19,0,157,0.785,100,5,1,1,0,8,2,2,0,0,3,3,1,14,2,2,1,4,0,0,14,4,0,0,1,5,1,1,0,5,5,5,0,17,2,2,0,34,9,9,1
377,4966,2016-02-25,0,179,0.895,100,6,0,0,0,6,4,4,0,0,1,1,1,14,2,2,1,4,0,0,1,4,0,0,1,6,0,0,0,7,3,3,0,17,2,2,0,39,4,4,1
378,4969,2016-02-25,1,182,0.91,100,6,0,0,0,7,3,3,0,0,4,4,1,15,1,1,1,4,0,0,1,3,1,0,1,5,1,1,0,9,1,1,0,18,1,1,0,42,1,1,1
379,4994,2016-03-11,1,187,0.935,100,6,0,0,0,9,1,1,0,0,1,1,1,15,1,1,3,4,0,0,1,4,0,0,2,6,0,0,0,10,0,0,0,18,1,1,0,42,1,1,1
380,5006,2016-02-22,1,161,0.805,100,6,0,0,0,8,2,2,0,0,3,3,1,13,3,3,1,4,0,0,13,4,0,0,1,6,0,0,0,7,3,3,0,17,2,2,0,34,9,9,1
381,5007,2016-02-22,0,177,0.885,100,6,0,0,0,9,1,1,0,0,3,3,1,14,2,2,7,4,0,0,2,4,0,0,1,6,0,0,0,9,1,1,0,17,2,2,0,41,2,2,1
382,5010,2016-02-25,0,188,0.94,100,5,1,1,0,10,0,0,0,0,1,1,1,16,0,0,1,4,0,0,1,3,1,0,1,5,1,1,0,8,2,2,0,18,1,1,0,43,0,0,1
383,5012,2016-02-22,1,149,0.745,100,4,2,2,0,7,3,3,0,0,3,3,1,13,3,3,1,4,0,0,10,2,2,0,1,4,2,2,0,5,5,5,0,18,1,1,0,27,16,16,1
384,5017,2016-02-25,0,164,0.82,100,4,2,2,0,8,2,2,0,0,2,2,1,15,1,1,1,4,0,0,4,4,0,0,1,3,3,3,0,6,4,4,0,14,5,5,0,34,9,9,1
385,5021,2016-02-22,0,181,0.905,100,4,2,2,0,8,2,2,0,0,3,3,1,15,1,1,1,4,0,0,1,4,0,0,1,5,1,1,0,10,0,0,0,19,0,0,0,38,5,5,1
386,5023,2016-02-25,0,169,0.845,100,5,1,1,0,8,2,2,0,0,2,2,1,13,3,3,6,4,0,0,1,4,0,0,2,5,1,1,0,7,3,3,0,18,1,1,0,36,7,7,1
387,5029,2016-02-22,0,187,0.935,100,6,0,0,0,7,3,3,0,0,1,1,1,16,0,0,1,4,0,0,1,3,1,0,1,6,0,0,0,10,0,0,0,18,1,1,0,41,2,2,1
388,5033,2016-02-22,0,166,0.83,100,4,2,2,0,4,6,6,0,0,2,2,1,13,3,3,1,4,0,0,1,3,1,0,1,5,1,1,0,5,5,5,0,16,3,3,0,37,6,6,1
389,5035,2016-02-22,0,128,0.64,100,3,3,3,0,7,3,3,0,0,1,1,1,10,6,6,2,3,1,1,30,4,0,0,1,4,2,2,0,7,3,3,0,15,4,4,0,29,14,14,1
390,5036,2016-02-22,0,177,0.885,100,4,2,2,0,8,2,2,0,0,3,3,1,11,5,5,1,4,0,0,2,4,0,0,1,4,2,2,0,9,1,1,0,18,1,1,0,42,1,1,1
391,5037,2016-02-25,0,182,0.91,100,6,0,0,0,9,1,1,0,0,0,0,1,13,3,3,1,4,0,0,4,4,0,0,1,5,1,1,0,9,1,1,0,18,1,1,0,40,3,3,1
392,5039,2016-02-22,0,175,0.875,100,5,1,1,0,6,4,4,0,0,1,1,2,15,1,1,1,4,0,0,1,3,1,0,1,4,2,2,0,8,2,2,0,16,3,3,0,39,4,4,1
393,5041,2016-02-25,1,184,0.92,100,5,1,1,0,7,3,3,0,0,2,2,1,16,0,0,1,3,1,1,1,4,0,0,1,3,3,3,0,10,0,0,0,19,0,0,0,42,1,1,1
394,5053,2016-02-22,0,179,0.895,100,5,1,1,0,9,1,1,0,0,3,3,2,15,1,1,1,4,0,0,1,4,0,0,1,5,1,1,0,8,2,2,0,19,0,0,0,39,4,4,3
395,5059,2016-03-08,0,151,0.755,100,4,2,2,0,7,3,3,0,0,4,4,1,0,0,4,7,4,0,0,1,4,0,0,1,4,2,2,0,8,2,2,0,15,4,4,0,26,17,17,1
396,5060,2016-02-22,0,175,0.875,100,6,0,0,0,9,1,1,0,0,1,1,1,15,1,1,1,4,0,0,2,4,0,0,1,5,1,1,0,9,1,1,0,12,7,7,0,36,7,7,1
397,5061,2016-02-25,1,181,0.905,100,6,0,0,0,8,2,2,0,0,0,0,1,15,1,1,1,4,0,0,1,4,0,0,1,4,2,2,0,10,0,0,0,17,2,2,0,36,7,7,1
398,5065,2016-02-25,1,185,0.925,100,5,1,1,0,7,3,3,0,0,0,0,1,14,2,2,1,4,0,0,1,3,1,0,1,6,0,0,0,10,0,0,0,17,2,2,0,42,1,1,1
399,5088,2016-03-17,0,168,0.84,100,5,1,1,0,8,2,2,0,0,2,2,2,12,4,4,1,4,0,0,10,4,0,0,1,4,2,2,0,9,1,1,0,15,4,4,0,42,1,1,1
400,5135,2016-03-17,0,168,0.84,100,5,1,1,0,7,3,3,0,0,3,3,1,15,1,1,1,4,0,0,10,4,0,0,1,4,2,2,0,7,3,3,0,18,1,1,0,39,4,4,1
401,5141,2016-03-08,0,191,0.955,100,6,0,0,0,8,2,2,0,0,1,1,1,15,1,1,1,4,0,0,1,4,0,0,1,6,0,0,0,10,0,0,0,19,0,0,0,43,0,0,1
402,5144,2016-02-22,0,164,0.82,100,3,3,3,0,9,1,1,0,0,0,0,2,13,3,3,1,4,0,0,1,4,0,0,1,5,1,1,0,6,4,4,0,16,3,3,0,28,15,15,1
403,5149,2016-02-25,0,173,0.865,100,5,1,1,0,7,3,3,0,0,0,0,1,15,1,1,1,4,0,0,6,3,1,0,1,3,3,3,0,9,1,1,0,16,3,3,0,39,4,4,1
404,5150,2016-02-22,0,124,0.62,100,4,2,2,0,5,5,5,0,0,4,4,10,13,3,3,11,4,0,0,13,4,0,0,1,6,0,0,0,8,2,2,0,16,3,3,0,37,6,6,16
405,5152,2016-03-01,0,148,0.74,100,5,1,1,0,8,2,2,0,0,4,4,1,15,1,1,3,4,0,0,5,4,0,0,25,3,3,3,0,9,1,1,0,19,0,0,0,38,5,5,1
406,5153,2016-03-08,0,180,0.9,100,6,0,0,0,8,2,2,0,0,3,3,1,15,1,1,1,4,0,0,4,4,0,0,1,4,2,2,0,9,1,1,0,19,0,0,0,40,3,3,1
407,5158,2016-03-22,1,174,0.87,100,4,2,2,0,6,4,4,0,0,3,3,3,15,1,1,1,4,0,0,1,4,0,0,1,4,2,2,0,8,2,2,0,18,1,1,0,39,4,4,1
408,5161,2016-03-17,1,173,0.865,100,2,4,4,0,8,2,2,0,0,3,3,2,13,3,3,1,4,0,0,1,4,0,0,1,2,4,4,0,9,1,1,0,18,1,1,0,40,3,3,1
409,5162,2016-02-22,1,173,0.865,100,4,2,2,0,8,2,2,0,0,0,0,1,10,6,6,1,4,0,0,2,4,0,0,2,5,1,1,0,9,1,1,0,16,3,3,0,38,5,5,1
410,5163,2016-03-17,1,184,0.92,100,6,0,0,0,7,3,3,0,0,0,0,1,15,1,1,2,4,0,0,1,4,0,0,1,4,2,2,0,10,0,0,0,19,0,0,0,40,3,3,2
411,5165,2016-03-17,0,142,0.71,100,6,0,0,0,7,3,3,0,0,4,4,1,13,3,3,1,4,0,0,21,3,1,0,1,4,2,2,0,8,2,2,0,14,5,5,0,31,12,12,2
412,5166,2016-03-01,1,188,0.94,100,5,1,1,0,10,0,0,0,0,1,1,1,15,1,1,1,4,0,0,1,4,0,0,1,6,0,0,0,10,0,0,0,18,1,1,0,40,3,3,1
413,5172,2016-03-11,0,178,0.89,100,5,1,1,0,9,1,1,0,0,4,4,2,14,2,2,1,4,0,0,7,3,1,0,1,5,1,1,0,10,0,0,0,19,0,0,0,43,0,0,1
414,5179,2016-02-22,1,182,0.91,100,6,0,0,0,7,3,3,0,0,3,3,1,15,1,1,1,4,0,0,3,4,0,0,1,4,2,2,0,10,0,0,0,19,0,0,0,41,2,2,1
415,5183,2016-03-17,0,184,0.92,100,6,0,0,0,8,2,2,0,0,3,3,1,15,1,1,1,4,0,0,1,3,1,0,1,6,0,0,0,8,2,2,0,19,0,0,0,41,2,2,1
416,5184,2016-03-20,1,143,0.715,100,6,0,0,0,6,4,4,0,0,4,4,2,12,4,4,3,4,0,0,26,3,1,0,1,2,4,4,0,10,0,0,0,18,1,1,0,37,6,6,1
417,5188,2016-03-30,1,163,0.815,100,6,0,0,0,6,4,4,0,0,2,2,1,14,2,2,4,4,0,0,8,4,0,0,1,5,1,1,0,6,4,4,0,14,5,5,0,39,4,4,1
418,5189,2016-03-17,0,156,0.78,100,6,0,0,0,4,6,6,0,0,4,4,1,14,2,2,2,4,0,0,16,3,1,0,1,6,0,0,0,9,1,1,0,18,1,1,0,38,5,5,4
419,5191,2016-02-22,0,129,0.645,100,4,2,2,0,7,3,3,0,0,4,4,1,8,8,8,1,2,2,2,1,3,1,0,1,3,3,3,0,0,10,10,0,13,6,6,0,16,27,27,1
420,5194,2016-02-25,0,171,0.855,100,2,4,4,0,5,5,5,0,0,4,4,1,0,0,1,1,3,1,1,7,3,1,0,1,5,1,1,0,10,0,0,0,18,1,1,0,43,0,0,1
421,5196,2016-02-22,0,174,0.87,100,5,1,1,0,8,2,2,0,0,4,4,1,16,0,0,3,4,0,0,1,4,0,0,1,4,2,2,0,9,1,1,0,18,1,1,0,35,8,8,1
422,5199,2016-03-20,0,161,0.805,100,6,0,0,0,9,1,1,0,0,2,2,1,16,0,0,1,4,0,0,22,4,0,0,1,6,0,0,0,6,4,4,0,18,1,1,0,39,4,4,2
423,5203,2016-02-25,0,132,0.66,100,3,3,3,0,6,4,4,0,0,4,4,12,15,1,1,5,4,0,0,30,4,0,0,1,4,2,2,0,10,0,0,0,18,1,1,0,39,4,4,1
424,5209,2016-03-08,0,166,0.83,100,4,2,2,0,8,2,2,0,0,1,1,1,15,1,1,1,4,0,0,5,4,0,0,3,5,1,1,0,6,4,4,0,18,1,1,0,39,4,4,8
425,5211,2016-02-22,1,192,0.96,100,6,0,0,0,9,1,1,0,0,0,0,1,16,0,0,1,4,0,0,1,4,0,0,1,6,0,0,0,10,0,0,0,18,1,1,0,42,1,1,1
426,5217,2016-03-29,0,153,0.765,100,5,1,1,0,6,4,4,0,0,2,2,1,13,3,3,1,3,1,1,8,2,2,0,1,2,4,4,0,8,2,2,0,15,4,4,0,31,12,12,1
427,5224,2016-03-01,0,186,0.93,100,5,1,1,0,8,2,2,0,0,0,0,1,15,1,1,1,4,0,0,1,4,0,0,1,6,0,0,0,10,0,0,0,16,3,3,0,41,2,2,1
428,5225,2016-03-17,0,184,0.92,100,5,1,1,0,9,1,1,0,0,1,1,1,14,2,2,1,4,0,0,2,4,0,0,1,6,0,0,0,9,1,1,0,18,1,1,0,40,3,3,1
429,5230,2016-03-08,1,184,0.92,100,5,1,1,0,8,2,2,0,0,0,0,1,14,2,2,2,4,0,0,1,4,0,0,2,5,1,1,0,10,0,0,0,19,0,0,0,40,3,3,1
430,5231,2016-02-25,0,171,0.855,100,4,2,2,0,7,3,3,0,0,4,4,1,15,1,1,1,4,0,0,3,3,1,0,2,5,1,1,0,8,2,2,0,16,3,3,0,41,2,2,3
431,5235,2016-02-22,0,151,0.755,100,3,3,3,0,4,6,6,0,0,2,2,2,11,5,5,1,4,0,0,2,4,0,0,1,1,5,5,0,7,3,3,0,16,3,3,0,28,15,15,1
432,5237,2016-03-17,0,176,0.88,100,5,1,1,0,8,2,2,0,0,2,2,1,15,1,1,3,4,0,0,5,3,1,0,1,6,0,0,0,10,0,0,0,17,2,2,0,39,4,4,1
433,5242,2016-03-08,0,169,0.845,100,5,1,1,0,6,4,4,0,0,2,2,1,15,1,1,1,4,0,0,5,3,1,0,1,3,3,3,0,7,3,3,0,16,3,3,0,39,4,4,1
434,5247,2016-02-22,1,181,0.905,100,4,2,2,0,9,1,1,0,0,3,3,2,15,1,1,1,4,0,0,1,4,0,0,1,5,1,1,0,8,2,2,0,18,1,1,0,41,2,2,1
435,5253,2016-03-29,1,185,0.925,100,6,0,0,0,9,1,1,0,0,2,2,3,15,1,1,1,4,0,0,1,4,0,0,1,6,0,0,0,10,0,0,0,18,1,1,0,40,3,3,1
436,5256,2016-03-17,0,169,0.845,100,5,1,1,0,6,4,4,0,0,0,0,1,13,3,3,1,4,0,0,1,4,0,0,1,1,5,5,0,9,1,1,0,14,5,5,0,36,7,7,1
437,5260,2016-03-17,0,151,0.755,100,3,3,3,0,7,3,3,0,0,4,4,2,7,9,9,2,3,1,1,2,4,0,0,2,3,3,3,0,6,4,4,0,12,7,7,0,37,6,6,1
438,5370,2015-12-29,1,182,0.91,100,6,0,0,0,7,3,3,0,0,2,2,1,15,1,1,1,4,0,0,1,4,0,0,1,4,2,2,0,8,2,2,0,18,1,1,0,41,2,2,1
439,5376,2015-12-29,1,184,0.92,100,6,0,0,0,8,2,2,0,0,2,2,1,13,3,3,1,4,0,0,1,4,0,0,1,5,1,1,0,10,0,0,0,17,2,2,0,42,1,1,1
