Row,S/N,Joined Proctor on,Bootcamp,Score,% Score,% Completed,M1-S1 Correct,M1-S1 Wrong,M1-S1 Tries,M1-S2 Tries,M2-S1 Correct,M2-S1 Wrong,M2-S1 Tries,M2-S2 Tries,M3-S1 Correct,M3-S1 Wrong,M3-S1 Tries,M3-S2 Tries,M4-S1 Correct,M4-S1 Wrong,M4-S1 Tries,M4-S2 Tries,M5-S1 Correct,M5-S1 Wrong,M5-S1 Tries,M5-S2 Tries,M6-S1 Correct,M6-S1 Wrong,M6-S1 Tries,M6-S2 Tries,M7-S1 Correct,M7-S1 Wrong,M7-S1 Tries,M7-S2 Tries,M8-S1 Correct,M8-S1 Wrong,M8-S1 Tries,M8-S2 Tries,M9-S1 Correct,M9-S1 Wrong,M9-S1 Tries,M9-S2 Tries,M10-S1 Correct,M10-S1 Wrong,M10-S1 Tries,M10-S2 Tries
0,3,2015-12-29,0,113,0.565,100,1,5,5,0,3,7,7,0,0,6,6,1,6,10,10,1,1,3,3,1,1,3,0,1,2,4,4,0,6,4,4,0,9,10,10,0,13,30,30,1
1,2214,2015-12-29,0,177,0.885,100,5,1,1,0,7,3,3,0,0,1,1,1,12,4,4,1,4,0,0,1,4,0,0,1,5,1,1,0,6,4,4,0,17,2,2,0,41,2,2,1
2,2217,2015-12-29,0,180,0.9,100,6,0,0,0,7,3,3,0,0,0,0,1,12,4,4,1,4,0,0,1,4,0,0,1,5,1,1,0,6,4,4,0,17,2,2,0,42,1,1,1
3,2277,2015-12-29,0,162,0.81,100,4,2,2,0,5,5,5,0,0,3,3,1,8,8,8,1,3,1,1,1,4,0,0,1,1,5,5,0,7,3,3,0,16,3,3,0,40,3,3,1
4,2304,2015-12-29,0,183,0.915,100,6,0,0,0,9,1,1,0,0,0,0,1,15,1,1,1,4,0,0,1,4,0,0,1,3,3,3,0,7,3,3,0,18,1,1,0,40,3,3,1
5,2306,2015-12-29,0,185,0.925,100,4,2,2,0,9,1,1,0,0,1,1,1,15,1,1,1,4,0,0,1,3,1,0,1,6,0,0,0,9,1,1,0,18,1,1,0,41,2,2,1
6,2316,2015-12-29,1,183,0.915,100,5,1,1,0,8,2,2,0,0,0,0,1,16,0,0,1,4,0,0,1,4,0,0,7,5,1,1,0,10,0,0,0,19,0,0,0,41,2,2,1
7,2318,2015-12-29,0,168,0.84,100,3,3,3,0,10,0,0,0,0,1,1,1,9,7,7,1,0,0,1,1,4,0,0,1,2,4,4,0,6,4,4,0,17,2,2,0,38,5,5,1
8,2354,2015-12-29,0,179,0.895,100,5,1,1,0,8,2,2,0,0,1,1,1,14,2,2,3,4,0,0,1,4,0,0,1,6,0,0,0,7,3,3,0,15,4,4,0,42,1,1,1
9,2363,2015-12-29,1,172,0.86,100,5,1,1,0,7,3,3,0,0,3,3,1,15,1,1,1,4,0,0,1,4,0,0,1,6,0,0,0,6,4,4,0,15,4,4,0,36,7,7,1
10,2364,2015-12-29,0,150,0.75,100,4,2,2,0,9,1,1,0,0,2,2,1,16,0,0,1,4,0,0,5,3,1,0,1,3,3,3,0,10,0,0,0,17,2,2,0,40,3,3,28
11,2366,2015-12-29,0,185,0.925,100,6,0,0,0,9,1,1,0,0,1,1,1,15,1,1,2,4,0,0,0,4,0,0,2,4,2,2,0,8,2,2,0,19,0,0,0,41,2,2,1
12,2369,2015-12-29,0,167,0.835,100,3,3,3,0,6,4,4,0,0,1,1,1,11,5,5,4,4,0,0,1,4,0,0,1,3,3,3,0,8,2,2,0,14,5,5,0,41,2,2,1
13,2372,2015-12-29,0,173,0.865,100,5,1,1,0,8,2,2,0,0,1,1,1,13,3,3,3,4,0,0,2,3,1,0,3,4,2,2,0,7,3,3,0,16,3,3,0,42,1,1,1
14,2375,2015-12-29,1,182,0.91,100,5,1,1,0,6,4,4,0,0,2,2,1,14,2,2,1,4,0,0,1,4,0,0,1,5,1,1,0,9,1,1,0,19,0,0,0,41,2,2,1
15,2377,2015-12-29,0,159,0.795,100,5,1,1,0,6,4,4,0,0,2,2,1,11,5,5,1,4,0,0,1,3,1,0,9,3,3,3,0,6,4,4,0,16,3,3,0,38,5,5,1
16,2378,2015-12-29,0,182,0.91,100,5,1,1,0,7,3,3,0,0,2,2,1,16,0,0,2,4,0,0,1,4,0,0,1,5,1,1,0,8,2,2,0,18,1,1,0,41,2,2,1
17,2379,2015-12-29,0,183,0.915,100,5,1,1,0,7,3,3,0,0,1,1,1,16,0,0,1,4,0,0,2,4,0,0,2,5,1,1,0,8,2,2,0,18,1,1,0,42,1,1,1
18,2380,2015-12-29,0,174,0.87,100,5,1,1,0,8,2,2,0,0,2,2,3,16,0,0,1,3,1,1,6,4,0,0,1,5,1,1,0,7,3,3,0,17,2,2,0,41,2,2,1
19,2381,2015-12-29,0,176,0.88,100,5,1,1,0,8,2,2,0,0,2,2,1,16,0,0,2,3,1,1,1,4,0,0,1,2,4,4,0,8,2,2,0,17,2,2,0,41,2,2,3
20,2382,2015-12-29,0,181,0.905,100,5,1,1,0,8,2,2,0,0,2,2,1,16,0,0,1,3,1,1,1,4,0,0,1,4,2,2,0,8,2,2,0,17,2,2,0,41,2,2,1
21,2383,2015-12-29,0,180,0.9,100,5,1,1,0,8,2,2,0,0,2,2,1,14,2,2,1,3,1,1,1,4,0,0,1,4,2,2,0,8,2,2,0,17,2,2,0,42,1,1,1
22,2384,2015-12-29,0,182,0.91,100,5,1,1,0,8,2,2,0,0,2,2,1,16,0,0,1,3,1,1,1,4,0,0,1,4,2,2,0,8,2,2,0,17,2,2,0,42,1,1,1
23,2385,2015-12-29,0,181,0.905,100,5,1,1,0,8,2,2,0,0,2,2,1,16,0,0,1,3,1,1,1,4,0,0,1,3,3,3,0,8,2,2,0,17,2,2,0,42,1,1,1
24,2386,2015-12-29,0,170,0.85,100,6,0,0,0,9,1,1,0,0,3,3,1,12,4,4,4,4,0,0,1,4,0,0,1,3,3,3,0,8,2,2,0,14,5,5,0,39,4,4,1
25,2390,2015-12-29,1,174,0.87,100,4,2,2,0,7,3,3,0,0,0,0,2,13,3,3,1,4,0,0,1,2,2,0,1,5,1,1,0,10,0,0,0,16,3,3,0,37,6,6,1
26,2391,2015-12-29,0,173,0.865,100,6,0,0,0,6,4,4,0,0,2,2,1,16,0,0,1,4,0,0,8,4,0,0,1,4,2,2,0,9,1,1,0,19,0,0,0,38,5,5,2
27,2392,2015-12-29,1,181,0.905,100,5,1,1,0,9,1,1,0,0,2,2,1,14,2,2,1,4,0,0,1,4,0,0,6,4,2,2,0,10,0,0,0,18,1,1,0,43,0,0,1
28,2395,2015-12-29,1,182,0.91,100,5,1,1,0,8,2,2,0,0,3,3,1,16,0,0,1,4,0,0,1,2,2,0,1,4,2,2,0,10,0,0,0,19,0,0,0,40,3,3,1
29,2413,2015-12-29,1,181,0.905,100,3,3,3,0,5,5,5,0,0,2,2,2,16,0,0,1,4,0,0,1,4,0,0,1,6,0,0,0,9,1,1,0,19,0,0,0,41,2,2,1
30,2435,2015-12-29,0,165,0.825,100,2,4,4,0,7,3,3,0,0,4,4,1,13,3,3,1,4,0,0,1,4,0,0,1,5,1,1,0,5,5,5,0,16,3,3,0,37,6,6,2
31,2588,2015-12-29,0,159,0.795,100,4,2,2,0,5,5,5,0,0,3,3,3,14,2,2,2,4,0,0,1,3,1,0,11,5,1,1,0,9,1,1,0,12,7,7,0,42,1,1,1
32,2590,2015-12-29,0,145,0.725,100,4,2,2,0,6,4,4,0,0,1,1,3,13,3,3,1,3,1,1,16,4,0,0,2,3,3,3,0,6,4,4,0,14,5,5,0,34,9,9,1
33,2593,2015-12-29,0,141,0.705,100,3,3,3,0,7,3,3,0,0,1,1,1,10,6,6,1,3,1,1,4,4,0,0,1,2,4,4,0,5,5,5,0,13,6,6,0,32,11,11,12
34,2596,2015-12-29,0,170,0.85,100,5,1,1,0,7,3,3,0,0,3,3,1,14,2,2,1,4,0,0,13,4,0,0,2,6,0,0,0,9,1,1,0,17,2,2,0,43,0,0,1
35,2604,2015-12-29,0,183,0.915,100,4,2,2,0,8,2,2,0,0,1,1,3,16,0,0,1,4,0,0,1,4,0,0,1,5,1,1,0,8,2,2,0,18,1,1,0,42,1,1,1
36,2614,2015-12-29,0,186,0.93,100,6,0,0,0,10,0,0,0,0,0,0,1,15,1,1,1,4,0,0,1,3,1,0,1,3,3,3,0,7,3,3,0,18,1,1,0,43,0,0,1
37,2616,2015-12-29,0,182,0.91,100,5,1,1,0,9,1,1,0,0,0,0,1,15,1,1,1,4,0,0,1,4,0,0,1,3,3,3,0,6,4,4,0,17,2,2,0,43,0,0,2
38,2619,2015-12-29,0,181,0.905,100,3,3,3,0,7,3,3,0,0,1,1,1,15,1,1,1,3,1,1,1,4,0,0,1,5,1,1,0,9,1,1,0,19,0,0,0,40,3,3,1
39,2621,2016-01-04,1,181,0.905,100,4,2,2,0,9,1,1,0,0,1,1,1,14,2,2,1,4,0,0,1,3,1,0,1,4,2,2,0,9,1,1,0,18,1,1,0,40,3,3,1
40,2625,2015-12-29,0,151,0.755,100,5,1,1,0,9,1,1,0,0,0,0,14,15,1,1,5,4,0,0,1,4,0,0,4,3,3,3,0,6,4,4,0,18,1,1,0,43,0,0,14
41,2626,2015-12-29,0,171,0.855,100,4,2,2,0,7,3,3,0,0,4,4,1,15,1,1,2,4,0,0,1,3,1,0,1,6,0,0,0,9,1,1,0,19,0,0,0,33,10,10,2
42,2633,2015-12-29,0,160,0.8,100,2,4,4,0,6,4,4,0,0,4,4,2,11,5,5,2,4,0,0,5,4,0,0,1,5,1,1,0,7,3,3,0,17,2,2,0,41,2,2,5
43,2646,2015-12-29,0,175,0.875,100,5,1,1,0,9,1,1,0,0,0,0,2,15,1,1,2,4,0,0,10,4,0,0,1,5,1,1,0,7,3,3,0,19,0,0,0,43,0,0,3
44,2648,2015-12-29,1,177,0.885,100,3,3,3,0,7,3,3,0,0,3,3,1,11,5,5,1,4,0,0,1,4,0,0,1,5,1,1,0,9,1,1,0,18,1,1,0,42,1,1,1
45,2650,2015-12-29,0,173,0.865,100,5,1,1,0,8,2,2,0,0,2,2,1,13,3,3,2,4,0,0,1,4,0,0,2,3,3,3,0,8,2,2,0,17,2,2,0,38,5,5,1
46,2654,2015-12-29,0,186,0.93,100,5,1,1,0,8,2,2,0,0,0,0,1,14,2,2,1,4,0,0,1,4,0,0,1,5,1,1,0,7,3,3,0,19,0,0,0,43,0,0,1
47,2655,2015-12-29,0,186,0.93,100,6,0,0,0,8,2,2,0,0,0,0,1,14,2,2,1,4,0,0,1,4,0,0,1,5,1,1,0,7,3,3,0,18,1,1,0,43,0,0,1
48,2656,2015-12-29,0,187,0.935,100,6,0,0,0,9,1,1,0,0,0,0,1,14,2,2,1,4,0,0,1,4,0,0,1,5,1,1,0,7,3,3,0,19,0,0,0,42,1,1,1
49,2658,2015-12-29,0,149,0.745,100,3,3,3,0,2,8,8,0,0,3,3,1,12,4,4,1,1,3,3,3,4,0,0,1,2,4,4,0,4,6,6,0,13,6,6,0,36,7,7,1
50,2660,2015-12-29,0,165,0.825,100,3,3,3,0,8,2,2,0,0,1,1,1,14,2,2,13,4,0,0,1,4,0,0,1,3,3,3,0,5,5,5,0,19,0,0,0,41,2,2,1
51,2664,2015-12-29,0,153,0.765,100,3,3,3,0,9,1,1,0,0,3,3,1,11,5,5,20,4,0,0,3,3,1,0,1,6,0,0,0,8,2,2,0,17,2,2,0,39,4,4,1
52,2666,2016-01-04,1,184,0.92,100,6,0,0,0,8,2,2,0,0,1,1,1,16,0,0,1,4,0,0,1,4,0,0,1,6,0,0,0,10,0,0,0,17,2,2,0,37,6,6,1
53,2667,2015-12-29,1,168,0.84,100,4,2,2,0,7,3,3,0,0,1,1,1,13,3,3,2,3,1,1,2,4,0,0,1,3,3,3,0,5,5,5,0,17,2,2,0,38,5,5,1
54,2668,2015-12-29,0,162,0.81,100,5,1,1,0,8,2,2,0,0,2,2,1,12,4,4,2,4,0,0,1,3,1,0,2,3,3,3,0,5,5,5,0,13,6,6,0,36,7,7,1
55,2670,2015-12-29,0,157,0.785,100,5,1,1,0,8,2,2,0,0,1,1,5,14,2,2,4,3,1,1,17,4,0,0,1,5,1,1,0,9,1,1,0,19,0,0,0,37,6,6,1
56,2672,2015-12-29,0,171,0.855,100,3,3,3,0,8,2,2,0,0,4,4,1,13,3,3,1,2,2,2,1,4,0,0,1,6,0,0,0,8,2,2,0,17,2,2,0,37,6,6,1
57,2673,2015-12-29,1,156,0.78,100,3,3,3,0,7,3,3,0,0,3,3,2,16,0,0,1,4,0,0,22,4,0,0,1,6,0,0,0,8,2,2,0,17,2,2,0,39,4,4,1
58,2674,2015-12-29,0,173,0.865,100,3,3,3,0,8,2,2,0,0,4,4,1,14,2,2,1,2,2,2,1,4,0,0,1,6,0,0,0,8,2,2,0,17,2,2,0,38,5,5,1
59,2675,2015-12-29,0,169,0.845,100,2,4,4,0,8,2,2,0,0,1,1,1,10,6,6,1,4,0,0,2,4,0,0,1,5,1,1,0,7,3,3,0,15,4,4,0,39,4,4,1
60,2676,2016-01-04,0,184,0.92,100,6,0,0,0,9,1,1,0,0,0,0,2,16,0,0,1,4,0,0,4,4,0,0,1,6,0,0,0,7,3,3,0,18,1,1,0,41,2,2,1
61,2681,2015-12-29,0,161,0.805,100,4,2,2,0,8,2,2,0,0,3,3,6,13,3,3,7,4,0,0,11,4,0,0,1,5,1,1,0,10,0,0,0,19,0,0,0,41,2,2,1
62,2682,2015-12-29,0,170,0.85,100,5,1,1,0,9,1,1,0,0,2,2,1,16,0,0,1,4,0,0,10,3,1,0,1,3,3,3,0,9,1,1,0,16,3,3,0,39,4,4,1
63,2686,2015-12-29,0,156,0.78,100,5,1,1,0,5,5,5,0,0,4,4,4,14,2,2,2,4,0,0,10,3,1,0,1,5,1,1,0,8,2,2,0,16,3,3,0,39,4,4,4
64,2687,2016-01-04,0,174,0.87,100,4,2,2,0,9,1,1,0,0,1,1,1,14,2,2,1,2,2,2,1,4,0,0,1,4,2,2,0,8,2,2,0,16,3,3,0,37,6,6,1
65,2688,2015-12-29,0,155,0.775,100,6,0,0,0,7,3,3,0,0,2,2,1,14,2,2,7,4,0,0,8,4,0,0,1,3,3,3,0,8,2,2,0,15,4,4,0,32,11,11,1
66,2689,2015-12-29,1,168,0.84,100,5,1,1,0,5,5,5,0,0,2,2,1,13,3,3,2,4,0,0,1,4,0,0,1,3,3,3,0,8,2,2,0,17,2,2,0,35,8,8,1
67,2690,2015-12-29,0,171,0.855,100,5,1,1,0,8,2,2,0,0,4,4,1,13,3,3,1,4,0,0,4,4,0,0,1,2,4,4,0,6,4,4,0,17,2,2,0,42,1,1,1
68,2691,2015-12-29,0,126,0.63,100,3,3,3,0,4,6,6,0,0,3,3,1,11,5,5,1,4,0,0,22,4,0,0,1,4,2,2,0,5,5,5,0,14,5,5,0,24,19,19,1
69,2694,2015-12-29,0,179,0.895,100,3,3,3,0,9,1,1,0,0,0,0,1,15,1,1,1,4,0,0,1,4,0,0,1,6,0,0,0,5,5,5,0,15,4,4,0,41,2,2,1
70,2698,2015-12-29,1,186,0.93,100,5,1,1,0,9,1,1,0,0,0,0,1,14,2,2,1,4,0,0,1,4,0,0,1,5,1,1,0,9,1,1,0,19,0,0,0,40,3,3,1
71,2699,2015-12-29,0,181,0.905,100,5,1,1,0,8,2,2,0,0,1,1,1,13,3,3,1,4,0,0,2,4,0,0,1,5,1,1,0,8,2,2,0,17,2,2,0,42,1,1,1
72,2702,2015-12-29,0,183,0.915,100,4,2,2,0,7,3,3,0,0,2,2,1,16,0,0,1,4,0,0,3,4,0,0,1,6,0,0,0,9,1,1,0,19,0,0,0,41,2,2,1
73,2703,2015-12-29,0,159,0.795,100,4,2,2,0,7,3,3,0,0,3,3,2,13,3,3,2,0,0,2,16,4,0,0,2,5,1,1,0,9,1,1,0,18,1,1,0,41,2,2,1
74,2704,2015-12-29,0,177,0.885,100,4,2,2,0,9,1,1,0,0,3,3,1,15,1,1,1,4,0,0,7,4,0,0,1,6,0,0,0,7,3,3,0,19,0,0,0,41,2,2,1
75,2705,2015-12-29,0,168,0.84,100,5,1,1,0,8,2,2,0,0,3,3,1,15,1,1,1,4,0,0,9,4,0,0,1,6,0,0,0,6,4,4,0,17,2,2,0,37,6,6,1
76,2707,2016-01-04,0,178,0.89,100,5,1,1,0,6,4,4,0,0,3,3,2,16,0,0,1,3,1,1,4,4,0,0,1,5,1,1,0,8,2,2,0,18,1,1,0,43,0,0,1
77,2711,2015-12-29,0,164,0.82,100,5,1,1,0,9,1,1,0,0,1,1,2,14,2,2,5,3,1,1,7,4,0,0,1,5,1,1,0,7,3,3,0,17,2,2,0,36,7,7,2
78,2712,2015-12-29,0,190,0.95,100,6,0,0,0,8,2,2,0,0,1,1,1,14,2,2,1,4,0,0,1,4,0,0,1,6,0,0,0,10,0,0,0,19,0,0,0,43,0,0,1
79,2717,2015-12-29,0,173,0.865,100,5,1,1,0,8,2,2,0,0,3,3,3,13,3,3,1,4,0,0,1,4,0,0,1,4,2,2,0,7,3,3,0,15,4,4,0,41,2,2,1
80,2718,2015-12-29,0,139,0.695,100,2,4,4,0,8,2,2,0,0,2,2,1,11,5,5,1,4,0,0,23,4,0,0,1,2,4,4,0,5,5,5,0,15,4,4,0,35,8,8,1
81,2721,2015-12-29,1,174,0.87,100,6,0,0,0,6,4,4,0,0,3,3,1,16,0,0,1,4,0,0,4,3,1,0,1,4,2,2,0,10,0,0,0,16,3,3,0,38,5,5,1
82,2723,2015-12-29,0,173,0.865,100,6,0,0,0,7,3,3,0,0,4,4,1,14,2,2,1,3,1,1,1,2,2,0,1,4,2,2,0,8,2,2,0,16,3,3,0,40,3,3,1
83,2724,2015-12-29,0,160,0.8,100,5,1,1,0,6,4,4,0,0,3,3,1,9,7,7,1,4,0,0,1,4,0,0,1,4,2,2,0,5,5,5,0,16,3,3,0,33,10,10,1
84,2807,2015-12-29,0,169,0.845,100,5,1,1,0,4,6,6,0,0,4,4,1,14,2,2,1,2,2,2,2,4,0,0,1,5,1,1,0,7,3,3,0,18,1,1,0,38,5,5,1
85,2808,2015-12-29,0,163,0.815,100,4,2,2,0,5,5,5,0,0,4,4,2,12,4,4,1,4,0,0,1,4,0,0,1,4,2,2,0,9,1,1,0,13,6,6,0,36,7,7,1
86,2809,2015-12-29,0,170,0.85,100,6,0,0,0,8,2,2,0,0,1,1,7,15,1,1,2,4,0,0,1,3,1,0,2,4,2,2,0,8,2,2,0,16,3,3,0,38,5,5,1
87,2810,2016-01-04,0,181,0.905,100,6,0,0,0,9,1,1,0,0,1,1,1,15,1,1,1,4,0,0,6,4,0,0,1,6,0,0,0,7,3,3,0,18,1,1,0,41,2,2,1
88,2811,2015-12-29,0,171,0.855,100,6,0,0,0,9,1,1,0,0,2,2,1,14,2,2,1,4,0,0,2,3,1,0,1,1,5,5,0,6,4,4,0,15,4,4,0,39,4,4,1
89,2812,2015-12-29,0,172,0.86,100,5,1,1,0,9,1,1,0,0,1,1,1,12,4,4,1,4,0,0,8,4,0,0,1,3,3,3,0,8,2,2,0,17,2,2,0,41,2,2,1
90,2813,2015-12-29,0,165,0.825,100,5,1,1,0,9,1,1,0,0,4,4,5,13,3,3,1,4,0,0,8,4,0,0,1,2,4,4,0,8,2,2,0,18,1,1,0,40,3,3,1
91,2814,2015-12-29,0,157,0.785,100,2,4,4,0,3,7,7,0,0,4,4,1,13,3,3,1,3,1,1,4,4,0,0,4,4,2,2,0,10,0,0,0,15,4,4,0,39,4,4,4
92,2815,2015-12-29,1,182,0.91,100,6,0,0,0,7,3,3,0,0,1,1,1,16,0,0,1,4,0,0,1,4,0,0,1,4,2,2,0,7,3,3,0,17,2,2,0,41,2,2,1
93,2816,2015-12-29,0,175,0.875,100,5,1,1,0,9,1,1,0,0,3,3,1,15,1,1,1,4,0,0,1,3,1,0,1,3,3,3,0,6,4,4,0,16,3,3,0,40,3,3,1
94,2817,2015-12-29,0,150,0.75,100,6,0,0,0,6,4,4,0,0,2,2,2,6,10,10,1,4,0,0,2,4,0,0,2,3,3,3,0,2,8,8,0,15,4,4,0,32,11,11,1
95,2818,2015-12-29,0,178,0.89,100,3,3,3,0,7,3,3,0,0,0,0,1,13,3,3,2,4,0,0,1,4,0,0,2,5,1,1,0,10,0,0,0,17,2,2,0,40,3,3,1
96,2819,2015-12-29,0,162,0.81,100,6,0,0,0,8,2,2,0,0,3,3,1,13,3,3,1,3,1,1,1,4,0,0,2,4,2,2,0,4,6,6,0,18,1,1,0,29,14,14,1
97,2820,2015-12-29,0,167,0.835,100,5,1,1,0,8,2,2,0,0,1,1,4,13,3,3,2,4,0,0,10,4,0,0,1,5,1,1,0,10,0,0,0,17,2,2,0,38,5,5,1
98,2821,2015-12-29,0,171,0.855,100,3,3,3,0,5,5,5,0,0,1,1,1,13,3,3,1,4,0,0,1,4,0,0,1,3,3,3,0,5,5,5,0,17,2,2,0,41,2,2,1
99,2822,2015-12-29,0,140,0.7,100,4,2,2,0,7,3,3,0,0,2,2,1,7,9,9,1,3,1,1,3,3,1,0,1,2,4,4,0,5,5,5,0,15,4,4,0,21,22,22,1
100,2824,2015-12-29,0,131,0.655,100,1,5,5,0,4,6,6,0,0,2,2,1,7,9,9,1,3,1,1,1,4,0,0,1,1,5,5,0,3,7,7,0,4,15,15,0,29,14,14,1
101,2827,2015-12-29,0,168,0.84,100,6,0,0,0,8,2,2,0,0,3,3,1,14,2,2,1,4,0,0,6,3,1,0,2,2,4,4,0,7,3,3,0,17,2,2,0,39,4,4,1
102,2828,2015-12-29,0,160,0.8,100,3,3,3,0,3,7,7,0,0,5,5,1,11,5,5,1,3,1,1,1,2,2,0,1,4,2,2,0,6,4,4,0,16,3,3,0,40,3,3,1
103,2830,2015-12-29,0,182,0.91,100,6,0,0,0,7,3,3,0,0,3,3,2,15,1,1,1,4,0,0,1,4,0,0,1,3,3,3,0,10,0,0,0,17,2,2,0,43,0,0,1
104,2831,2015-12-29,0,167,0.835,100,5,1,1,0,6,4,4,0,0,2,2,5,16,0,0,1,4,0,0,1,4,0,0,1,1,5,5,0,7,3,3,0,16,3,3,0,37,6,6,1
105,2832,2015-12-29,0,191,0.955,100,6,0,0,0,9,1,1,0,0,0,0,1,14,2,2,1,4,0,0,1,4,0,0,1,5,1,1,0,10,0,0,0,19,0,0,0,43,0,0,1
106,3065,2015-12-29,1,177,0.885,100,4,2,2,0,8,2,2,0,0,1,1,1,14,2,2,1,4,0,0,1,4,0,0,1,5,1,1,0,5,5,5,0,18,1,1,0,40,3,3,2
107,3066,2015-12-29,0,181,0.905,100,5,1,1,0,9,1,1,0,0,0,0,1,15,1,1,1,4,0,0,1,4,0,0,1,3,3,3,0,7,3,3,0,19,0,0,0,38,5,5,1
108,3067,2015-12-29,0,167,0.835,100,6,0,0,0,6,4,4,0,0,3,3,1,15,1,1,1,4,0,0,1,3,1,0,1,6,0,0,0,8,2,2,0,17,2,2,0,28,15,15,1
109,3068,2015-12-29,0,188,0.94,100,5,1,1,0,5,5,5,0,0,0,0,1,15,1,1,1,4,0,0,1,4,0,0,1,6,0,0,0,10,0,0,0,19,0,0,0,43,0,0,1
110,3069,2015-12-30,1,180,0.9,100,6,0,0,0,7,3,3,0,0,3,3,1,15,1,1,1,4,0,0,1,4,0,0,1,6,0,0,0,9,1,1,0,17,2,2,0,38,5,5,1
111,3071,2015-12-29,1,188,0.94,100,6,0,0,0,10,0,0,0,0,0,0,1,16,0,0,1,4,0,0,1,4,0,0,1,4,2,2,0,7,3,3,0,17,2,2,0,43,0,0,1
112,3072,2015-12-29,1,185,0.925,100,6,0,0,0,10,0,0,0,0,0,0,1,16,0,0,1,4,0,0,1,4,0,0,1,5,1,1,0,8,2,2,0,16,3,3,0,39,4,4,1
113,3078,2015-12-29,1,184,0.92,100,3,3,3,0,6,4,4,0,0,2,2,1,16,0,0,1,4,0,0,1,4,0,0,1,6,0,0,0,10,0,0,0,18,1,1,0,42,1,1,1
114,3079,2015-12-29,0,171,0.855,100,5,1,1,0,5,5,5,0,0,2,2,1,16,0,0,2,4,0,0,1,4,0,0,1,6,0,0,0,7,3,3,0,14,5,5,0,36,7,7,1
115,3080,2015-12-29,0,183,0.915,100,5,1,1,0,8,2,2,0,0,3,3,1,16,0,0,1,4,0,0,1,4,0,0,1,4,2,2,0,10,0,0,0,19,0,0,0,40,3,3,2
116,3081,2015-12-29,0,174,0.87,100,4,2,2,0,8,2,2,0,0,3,3,1,11,5,5,1,4,0,0,1,4,0,0,1,4,2,2,0,8,2,2,0,17,2,2,0,40,3,3,1
117,3082,2015-12-29,0,173,0.865,100,5,1,1,0,5,5,5,0,0,2,2,1,15,1,1,1,4,0,0,1,3,1,0,1,5,1,1,0,8,2,2,0,17,2,2,0,36,7,7,1
118,3084,2016-01-06,0,170,0.85,100,6,0,0,0,7,3,3,0,0,3,3,1,14,2,2,1,3,1,1,1,3,1,0,1,3,3,3,0,6,4,4,0,16,3,3,0,38,5,5,1
119,3085,2015-12-29,0,177,0.885,100,5,1,1,0,7,3,3,0,0,2,2,1,14,2,2,1,4,0,0,1,4,0,0,1,2,4,4,0,8,2,2,0,17,2,2,0,41,2,2,1
120,3086,2015-12-29,0,182,0.91,100,5,1,1,0,8,2,2,0,0,4,4,1,14,2,2,1,4,0,0,1,4,0,0,2,6,0,0,0,8,2,2,0,19,0,0,0,42,1,1,1
121,3087,2015-12-29,1,192,0.96,100,6,0,0,0,9,1,1,0,0,1,1,1,16,0,0,1,4,0,0,1,4,0,0,1,6,0,0,0,10,0,0,0,19,0,0,0,42,1,1,1
122,3088,2015-12-29,0,188,0.94,100,5,1,1,0,9,1,1,0,0,0,0,1,15,1,1,1,4,0,0,1,4,0,0,1,5,1,1,0,10,0,0,0,19,0,0,0,40,3,3,1
123,3089,2015-12-29,0,188,0.94,100,6,0,0,0,10,0,0,0,0,2,2,1,15,1,1,1,3,1,1,1,4,0,0,1,5,1,1,0,8,2,2,0,19,0,0,0,43,0,0,1
124,3090,2015-12-29,0,175,0.875,100,6,0,0,0,9,1,1,0,0,3,3,1,15,1,1,1,3,1,1,1,4,0,0,1,4,2,2,0,7,3,3,0,14,5,5,0,39,4,4,1
125,3091,2015-12-29,1,181,0.905,100,6,0,0,0,8,2,2,0,0,1,1,1,16,0,0,1,4,0,0,1,4,0,0,1,4,2,2,0,9,1,1,0,18,1,1,0,36,7,7,1
126,3093,2015-12-29,0,186,0.93,100,6,0,0,0,7,3,3,0,0,2,2,1,15,1,1,1,4,0,0,2,4,0,0,1,5,1,1,0,10,0,0,0,19,0,0,0,43,0,0,2
127,3095,2015-12-29,0,165,0.825,100,4,2,2,0,9,1,1,0,0,4,4,1,12,4,4,1,3,1,1,4,4,0,0,1,3,3,3,0,8,2,2,0,18,1,1,0,34,9,9,1
128,3096,2015-12-29,0,171,0.855,100,6,0,0,0,7,3,3,0,0,2,2,1,12,4,4,1,4,0,0,1,3,1,0,1,4,2,2,0,7,3,3,0,17,2,2,0,38,5,5,3
129,3109,2015-12-29,0,180,0.9,100,6,0,0,0,9,1,1,0,0,1,1,1,15,1,1,1,4,0,0,1,4,0,0,1,4,2,2,0,6,4,4,0,15,4,4,0,41,2,2,1
130,3110,2015-12-29,0,170,0.85,100,5,1,1,0,8,2,2,0,0,4,4,4,15,1,1,1,4,0,0,5,4,0,0,2,5,1,1,0,9,1,1,0,19,0,0,0,40,3,3,5
131,3111,2015-12-29,0,187,0.935,100,5,1,1,0,7,3,3,0,0,0,0,1,15,1,1,1,4,0,0,1,4,0,0,1,5,1,1,0,8,2,2,0,19,0,0,0,43,0,0,1
132,3113,2015-12-29,0,178,0.89,100,6,0,0,0,7,3,3,0,0,3,3,1,14,2,2,1,4,0,0,1,4,0,0,1,3,3,3,0,8,2,2,0,19,0,0,0,39,4,4,1
133,3115,2015-12-29,0,165,0.825,100,3,3,3,0,6,4,4,0,0,3,3,1,11,5,5,1,4,0,0,1,4,0,0,1,4,2,2,0,4,6,6,0,16,3,3,0,39,4,4,1
134,3116,2015-12-29,0,185,0.925,100,6,0,0,0,8,2,2,0,0,2,2,1,16,0,0,1,4,0,0,1,4,0,0,1,5,1,1,0,9,1,1,0,18,1,1,0,40,3,3,1
135,3118,2015-12-29,0,174,0.87,100,2,4,4,0,8,2,2,0,0,1,1,2,16,0,0,2,3,1,1,2,2,2,0,2,5,1,1,0,9,1,1,0,19,0,0,0,38,5,5,1
136,3119,2015-12-29,0,178,0.89,100,5,1,1,0,5,5,5,0,0,2,2,1,16,0,0,1,4,0,0,2,3,1,0,2,6,0,0,0,8,2,2,0,18,1,1,0,43,0,0,4
137,3120,2015-12-29,0,187,0.935,100,6,0,0,0,7,3,3,0,0,1,1,1,15,1,1,1,4,0,0,1,4,0,0,1,4,2,2,0,9,1,1,0,16,0,0,0,43,0,0,1
138,3121,2015-12-29,0,161,0.805,100,6,0,0,0,5,5,5,0,0,3,3,1,11,5,5,1,4,0,0,2,4,0,0,1,4,2,2,0,5,5,5,0,16,3,3,0,33,10,10,1
139,3122,2015-12-29,1,176,0.88,100,6,0,0,0,10,0,0,0,0,0,0,2,15,1,1,2,4,0,0,3,3,1,0,3,4,2,2,0,8,2,2,0,16,3,3,0,40,3,3,2
140,3123,2015-12-29,0,171,0.855,100,4,2,2,0,9,1,1,0,0,1,1,1,15,1,1,1,4,0,0,1,3,1,0,1,2,4,4,0,4,6,6,0,17,2,2,0,37,6,6,1
141,3124,2015-12-29,0,174,0.87,100,3,3,3,0,5,5,5,0,0,1,1,1,16,0,0,1,2,2,2,1,4,0,0,1,5,1,1,0,7,3,3,0,18,1,1,0,39,4,4,2
142,3125,2015-12-29,0,183,0.915,100,5,1,1,0,7,3,3,0,0,2,2,1,16,0,0,1,4,0,0,1,4,0,0,1,4,2,2,0,9,1,1,0,17,2,2,0,42,1,1,1
143,3128,2015-12-29,1,181,0.905,100,5,1,1,0,9,1,1,0,0,1,1,1,14,2,2,1,3,1,1,1,4,0,0,1,5,1,1,0,9,1,1,0,18,1,1,0,38,5,5,1
144,3129,2015-12-29,0,181,0.905,100,4,2,2,0,10,0,0,0,0,2,2,1,15,1,1,1,4,0,0,2,4,0,0,1,6,0,0,0,8,2,2,0,18,1,1,0,38,5,5,1
145,3130,2015-12-29,1,187,0.935,100,5,1,1,0,8,2,2,0,0,2,2,1,16,0,0,1,4,0,0,1,4,0,0,1,6,0,0,0,10,0,0,0,18,1,1,0,41,2,2,1
146,3131,2015-12-29,0,180,0.9,100,6,0,0,0,8,2,2,0,0,0,0,1,13,3,3,1,4,0,0,1,4,0,0,1,5,1,1,0,7,3,3,0,17,2,2,0,39,4,4,1
147,3133,2015-12-29,1,182,0.91,100,4,2,2,0,8,2,2,0,0,0,0,1,14,2,2,1,4,0,0,1,4,0,0,1,5,1,1,0,10,0,0,0,16,3,3,0,40,3,3,1
148,3134,2015-12-29,0,184,0.92,100,4,2,2,0,8,2,2,0,0,3,3,1,14,2,2,1,4,0,0,1,4,0,0,1,6,0,0,0,9,1,1,0,19,0,0,0,42,1,1,1
149,3135,2015-12-29,0,172,0.86,100,6,0,0,0,6,4,4,0,0,4,4,1,13,3,3,1,4,0,0,1,4,0,0,1,3,3,3,0,8,2,2,0,17,2,2,0,38,5,5,1
150,3137,2015-12-29,0,179,0.895,100,6,0,0,0,7,3,3,0,0,2,2,1,14,2,2,1,4,0,0,1,4,0,0,1,6,0,0,0,7,3,3,0,16,3,3,0,40,3,3,1
151,3139,2015-12-29,0,180,0.9,100,5,1,1,0,6,4,4,0,0,1,1,1,14,2,2,1,4,0,0,1,4,0,0,1,4,2,2,0,9,1,1,0,18,1,1,0,40,3,3,1
152,3140,2015-12-29,1,134,0.67,100,6,0,0,0,5,5,5,0,0,1,1,1,16,0,0,2,3,1,1,7,4,0,0,1,3,3,3,0,9,1,1,0,17,2,2,0,37,6,6,36
153,3141,2015-12-29,0,176,0.88,100,6,0,0,0,10,0,0,0,0,2,2,1,12,4,4,1,3,1,1,2,4,0,0,1,4,2,2,0,7,3,3,0,16,3,3,0,40,3,3,1
154,3142,2015-12-29,0,180,0.9,100,6,0,0,0,10,0,0,0,0,2,2,1,13,3,3,1,4,0,0,1,4,0,0,1,3,3,3,0,7,3,3,0,18,1,1,0,40,3,3,1
155,3143,2015-12-30,1,190,0.95,100,6,0,0,0,6,4,4,0,0,0,0,1,15,1,1,1,4,0,0,1,4,0,0,1,6,0,0,0,10,0,0,0,19,0,0,0,43,0,0,1
156,3232,2015-12-29,0,180,0.9,100,4,2,2,0,5,5,5,0,0,3,3,1,14,2,2,1,4,0,0,2,4,0,0,1,5,1,1,0,10,0,0,0,18,1,1,0,43,0,0,1
157,3233,2015-12-29,0,178,0.89,100,6,0,0,0,8,2,2,0,0,1,1,1,15,1,1,1,4,0,0,5,4,0,0,1,4,2,2,0,9,1,1,0,17,2,2,0,40,3,3,2
158,3236,2015-12-30,0,187,0.935,100,6,0,0,0,8,2,2,0,0,2,2,1,16,0,0,2,4,0,0,1,4,0,0,1,5,1,1,0,10,0,0,0,18,1,1,0,42,1,1,1
159,3243,2015-12-30,0,84,0.42,100,4,2,2,0,6,4,4,0,0,3,3,1,10,6,6,2,4,0,0,70,4,0,0,1,4,2,2,0,6,4,4,0,12,7,7,0,30,13,13,1
160,3244,2016-01-06,0,177,0.885,100,4,2,2,0,6,4,4,0,0,0,0,1,14,2,2,1,4,0,0,1,4,0,0,1,3,3,3,0,7,3,3,0,18,1,1,0,40,3,3,1
161,3245,2015-12-29,0,185,0.925,100,5,1,1,0,7,3,3,0,0,0,0,1,16,0,0,1,4,0,0,1,4,0,0,1,5,1,1,0,9,1,1,0,16,3,3,0,42,1,1,1
162,3246,2016-02-19,0,170,0.85,100,6,0,0,0,4,6,6,0,0,3,3,1,13,3,3,1,3,1,1,2,4,0,0,1,5,1,1,0,9,1,1,0,17,2,2,0,36,7,7,1
163,3247,2016-01-04,0,186,0.93,100,5,1,1,0,8,2,2,0,0,2,2,1,14,2,2,1,4,0,0,1,4,0,0,1,5,1,1,0,10,0,0,0,18,1,1,0,43,0,0,1
164,3248,2016-01-07,0,174,0.87,100,4,2,2,0,9,1,1,0,0,3,3,1,13,3,3,1,2,2,2,1,4,0,0,1,5,1,1,0,6,4,4,0,19,0,0,0,38,5,5,1
165,3249,2015-12-29,0,167,0.835,100,6,0,0,0,8,2,2,0,0,4,4,1,10,6,6,1,3,1,1,1,4,0,0,1,4,2,2,0,9,1,1,0,14,5,5,0,36,7,7,1
166,3251,2015-12-29,0,188,0.94,100,6,0,0,0,8,2,2,0,0,1,1,1,14,2,2,1,4,0,0,1,4,0,0,1,6,0,0,0,9,1,1,0,19,0,0,0,42,1,1,1
167,3253,2015-12-29,0,166,0.83,100,4,2,2,0,6,4,4,0,0,4,4,1,13,3,3,1,4,0,0,2,3,1,0,1,3,3,3,0,8,2,2,0,17,2,2,0,36,7,7,1
168,3255,2015-12-29,0,152,0.76,100,4,2,2,0,7,3,3,0,0,2,2,1,13,3,3,1,4,0,0,8,4,0,0,1,3,3,3,0,8,2,2,0,16,3,3,0,38,5,5,14
169,3256,2015-12-29,0,179,0.895,100,5,1,1,0,9,1,1,0,0,2,2,1,15,1,1,1,4,0,0,1,4,0,0,1,2,4,4,0,10,0,0,0,15,4,4,0,40,3,3,1
170,3257,2015-12-29,0,181,0.905,100,6,0,0,0,7,3,3,0,0,2,2,1,16,0,0,1,2,2,2,1,4,0,0,1,4,2,2,0,10,0,0,0,18,1,1,0,39,4,4,1
171,3258,2015-12-29,0,152,0.76,100,5,1,1,0,5,5,5,0,0,3,3,1,9,7,7,1,3,1,1,2,4,0,0,1,3,3,3,0,6,4,4,0,13,6,6,0,31,12,12,1
172,3260,2015-12-29,0,174,0.87,100,3,3,3,0,8,2,2,0,0,4,4,2,16,0,0,1,4,0,0,1,4,0,0,1,4,2,2,0,6,4,4,0,17,2,2,0,40,3,3,1
173,3261,2015-12-29,0,172,0.86,100,6,0,0,0,8,2,2,0,0,2,2,2,13,3,3,2,4,0,0,8,4,0,0,2,6,0,0,0,10,0,0,0,17,2,2,0,39,4,4,1
174,3262,2015-12-29,0,149,0.745,100,5,1,1,0,6,4,4,0,0,5,5,1,13,3,3,1,3,1,1,21,4,0,0,1,3,3,3,0,7,3,3,0,16,3,3,0,40,3,3,1
175,3264,2015-12-29,0,156,0.78,100,4,2,2,0,8,2,2,0,0,2,2,1,11,5,5,1,4,0,0,2,4,0,0,1,4,2,2,0,3,7,7,0,12,7,7,0,32,11,11,1
176,3266,2015-12-29,0,186,0.93,100,6,0,0,0,8,2,2,0,0,3,3,1,15,1,1,1,4,0,0,1,4,0,0,1,5,1,1,0,10,0,0,0,18,1,1,0,42,1,1,1
177,3267,2016-02-25,0,181,0.905,100,4,2,2,0,8,2,2,0,0,2,2,1,14,2,2,1,4,0,0,1,3,1,0,1,5,1,1,0,9,1,1,0,18,1,1,0,41,2,2,1
178,3270,2015-12-29,0,177,0.885,100,6,0,0,0,8,2,2,0,0,2,2,1,15,1,1,1,2,2,2,4,4,0,0,1,3,3,3,0,10,0,0,0,18,1,1,0,39,4,4,1
179,3271,2015-12-29,0,180,0.9,100,6,0,0,0,9,1,1,0,0,2,2,1,15,1,1,1,2,2,2,3,4,0,0,1,4,2,2,0,10,0,0,0,18,1,1,0,39,4,4,1
180,3273,2015-12-29,0,164,0.82,100,5,1,1,0,8,2,2,0,0,4,4,1,13,3,3,1,4,0,0,10,3,1,0,1,6,0,0,0,10,0,0,0,16,3,3,0,35,8,8,1
181,3274,2015-12-29,0,179,0.895,100,6,0,0,0,8,2,2,0,0,3,3,1,13,3,3,1,4,0,0,1,3,1,0,1,5,1,1,0,10,0,0,0,18,1,1,0,38,5,5,1
182,3275,2015-12-29,0,172,0.86,100,5,1,1,0,7,3,3,0,0,1,1,1,13,3,3,1,4,0,0,2,4,0,0,1,3,3,3,0,6,4,4,0,15,4,4,0,41,2,2,2
183,3276,2015-12-29,1,182,0.91,100,6,0,0,0,7,3,3,0,0,1,1,1,16,0,0,1,4,0,0,1,4,0,0,1,3,3,3,0,10,0,0,0,18,1,1,0,38,5,5,1
184,3279,2015-12-29,0,188,0.94,100,5,1,1,0,10,0,0,0,0,1,1,1,14,2,2,1,4,0,0,1,4,0,0,1,6,0,0,0,10,0,0,0,19,0,0,0,40,3,3,1
185,3280,2015-12-29,0,156,0.78,100,4,2,2,0,7,3,3,0,0,1,1,1,14,2,2,7,4,0,0,18,3,1,0,2,5,1,1,0,10,0,0,0,18,1,1,0,39,4,4,1
186,3281,2015-12-29,1,177,0.885,100,4,2,2,0,5,5,5,0,0,2,2,1,16,0,0,2,4,0,0,3,3,1,0,1,6,0,0,0,10,0,0,0,19,0,0,0,38,5,5,1
187,3282,2015-12-29,1,172,0.86,100,6,0,0,0,6,4,4,0,0,3,3,1,12,4,4,1,4,0,0,1,4,0,0,1,4,2,2,0,7,3,3,0,17,2,2,0,38,5,5,1
188,3283,2015-12-29,1,188,0.94,100,5,1,1,0,7,3,3,0,0,0,0,1,14,2,2,1,4,0,0,1,4,0,0,1,6,0,0,0,10,0,0,0,19,0,0,0,42,1,1,1
189,3284,2015-12-29,0,182,0.91,100,5,1,1,0,8,2,2,0,0,1,1,1,16,0,0,1,4,0,0,1,3,1,0,1,6,0,0,0,10,0,0,0,17,2,2,0,37,6,6,1
190,3285,2015-12-29,0,130,0.65,100,1,5,5,0,4,6,6,0,0,0,0,1,6,10,10,1,1,3,3,1,2,2,0,1,3,3,3,0,2,8,8,0,15,4,4,0,19,24,24,1
191,3286,2015-12-29,0,179,0.895,100,6,0,0,0,8,2,2,0,0,3,3,1,16,0,0,1,4,0,0,1,2,2,0,1,6,0,0,0,10,0,0,0,17,2,2,0,36,7,7,1
192,3288,2015-12-29,0,183,0.915,100,6,0,0,0,6,4,4,0,0,2,2,3,16,0,0,1,4,0,0,1,4,0,0,1,5,1,1,0,9,1,1,0,18,1,1,0,42,1,1,1
193,3289,2015-12-29,0,181,0.905,100,5,1,1,0,9,1,1,0,0,3,3,1,14,2,2,1,4,0,0,1,4,0,0,1,6,0,0,0,8,2,2,0,18,1,1,0,39,4,4,1
194,3290,2015-12-29,0,134,0.67,100,1,5,5,0,5,5,5,0,0,3,3,1,10,6,6,1,3,1,1,1,3,1,0,1,2,4,4,0,5,5,5,0,12,7,7,0,19,24,24,1
195,3291,2015-12-29,0,183,0.915,100,5,1,1,0,8,2,2,0,0,3,3,1,15,1,1,1,4,0,0,1,4,0,0,1,4,2,2,0,9,1,1,0,19,0,0,0,41,2,2,1
196,3293,2015-12-29,0,176,0.88,100,4,2,2,0,7,3,3,0,0,3,3,1,14,2,2,1,4,0,0,1,4,0,0,1,5,1,1,0,9,1,1,0,17,2,2,0,38,5,5,1
197,3294,2015-12-29,0,180,0.9,100,5,1,1,0,7,3,3,0,0,3,3,1,14,2,2,1,4,0,0,1,4,0,0,1,5,1,1,0,9,1,1,0,17,2,2,0,41,2,2,1
198,3295,2015-12-29,0,179,0.895,100,5,1,1,0,7,3,3,0,0,3,3,1,13,3,3,1,4,0,0,1,4,0,0,1,5,1,1,0,9,1,1,0,17,2,2,0,41,2,2,1
199,3306,2015-12-29,0,183,0.915,100,6,0,0,0,7,3,3,0,0,1,1,1,15,1,1,1,4,0,0,3,3,1,0,1,6,0,0,0,10,0,0,0,18,1,1,0,40,3,3,1
200,3308,2015-12-29,0,184,0.92,100,6,0,0,0,7,3,3,0,0,0,0,1,13,3,3,1,4,0,0,1,3,1,0,1,6,0,0,0,10,0,0,0,18,1,1,0,40,3,3,1
201,3312,2015-12-29,0,179,0.895,100,6,0,0,0,9,1,1,0,0,2,2,1,12,4,4,1,4,0,0,1,4,0,0,1,6,0,0,0,7,3,3,0,16,3,3,0,40,3,3,1
202,3313,2015-12-29,0,187,0.935,100,5,1,1,0,9,1,1,0,0,1,1,1,15,1,1,1,4,0,0,1,4,0,0,1,5,1,1,0,9,1,1,0,18,1,1,0,42,1,1,1
203,3314,2015-12-29,1,183,0.915,100,6,0,0,0,9,1,1,0,0,2,2,1,16,0,0,2,4,0,0,4,4,0,0,1,4,2,2,0,8,2,2,0,19,0,0,0,42,1,1,1
204,3315,2015-12-29,0,172,0.86,100,4,2,2,0,7,3,3,0,0,2,2,1,15,1,1,1,4,0,0,1,4,0,0,1,3,3,3,0,6,4,4,0,18,1,1,0,36,7,7,1
205,3316,2015-12-29,0,173,0.865,100,6,0,0,0,9,1,1,0,0,3,3,1,16,0,0,1,4,0,0,2,4,0,0,1,3,3,3,0,7,3,3,0,17,2,2,0,34,9,9,1
206,3318,2015-12-29,0,182,0.91,100,6,0,0,0,6,4,4,0,0,0,0,1,14,2,2,1,4,0,0,2,4,0,0,1,6,0,0,0,9,1,1,0,19,0,0,0,38,5,5,1
207,3321,2015-12-29,0,179,0.895,100,4,2,2,0,9,1,1,0,0,1,1,1,15,1,1,1,4,0,0,1,4,0,0,1,4,2,2,0,8,2,2,0,17,2,2,0,38,5,5,1
208,3322,2015-12-29,0,159,0.795,100,5,1,1,0,6,4,4,0,0,2,2,1,13,3,3,1,4,0,0,12,3,1,0,1,5,1,1,0,7,3,3,0,18,1,1,0,34,9,9,1
209,3325,2015-12-29,0,177,0.885,100,6,0,0,0,6,4,4,0,0,2,2,1,13,3,3,1,3,1,1,1,2,2,0,1,5,1,1,0,10,0,0,0,18,1,1,0,40,3,3,2
210,3326,2015-12-29,0,148,0.74,100,4,2,2,0,7,3,3,0,0,4,4,12,10,6,6,8,4,0,0,1,0,4,0,1,5,1,1,0,7,3,3,0,18,1,1,0,38,5,5,1
211,3360,2015-12-29,0,151,0.755,100,6,0,0,0,8,2,2,0,0,1,1,1,15,1,1,1,4,0,0,25,4,0,0,1,3,3,3,0,9,1,1,0,18,1,1,0,34,9,9,3
212,3363,2015-12-29,0,184,0.92,100,5,1,1,0,8,2,2,0,0,0,0,1,13,3,3,1,4,0,0,1,4,0,0,1,5,1,1,0,8,2,2,0,19,0,0,0,41,2,2,1
213,3369,2015-12-29,0,173,0.865,100,4,2,2,0,5,5,5,0,0,2,2,1,13,3,3,1,4,0,0,1,3,1,0,1,6,0,0,0,7,3,3,0,18,1,1,0,38,5,5,1
214,3370,2015-12-29,0,164,0.82,100,5,1,1,0,8,2,2,0,0,2,2,1,12,4,4,1,4,0,0,20,4,0,0,1,6,0,0,0,10,0,0,0,18,1,1,0,42,1,1,2
215,3373,2015-12-29,1,185,0.925,100,6,0,0,0,10,0,0,0,0,0,0,1,13,3,3,1,4,0,0,2,3,1,0,1,6,0,0,0,9,1,1,0,17,2,2,0,41,2,2,1
216,3375,2015-12-29,1,178,0.89,100,6,0,0,0,7,3,3,0,0,2,2,1,14,2,2,1,4,0,0,9,4,0,0,1,6,0,0,0,9,1,1,0,19,0,0,0,42,1,1,1
217,3377,2015-12-29,1,177,0.885,100,5,1,1,0,8,2,2,0,0,2,2,1,16,0,0,1,4,0,0,1,3,1,0,1,6,0,0,0,7,3,3,0,15,4,4,0,38,5,5,1
218,3378,2015-12-29,1,171,0.855,100,6,0,0,0,5,5,5,0,0,3,3,2,16,0,0,2,4,0,0,1,4,0,0,1,5,1,1,0,6,4,4,0,17,2,2,0,36,7,7,1
219,3379,2015-12-29,0,175,0.875,100,5,1,1,0,5,5,5,0,0,2,2,1,16,0,0,1,4,0,0,2,4,0,0,1,5,1,1,0,10,0,0,0,19,0,0,0,33,10,10,1
220,3380,2016-01-04,0,180,0.9,100,5,1,1,0,9,1,1,0,0,2,2,6,16,0,0,1,4,0,0,1,4,0,0,1,4,2,2,0,8,2,2,0,18,1,1,0,42,1,1,1
221,3381,2015-12-29,0,178,0.89,100,5,1,1,0,7,3,3,0,0,2,2,1,14,2,2,1,4,0,0,1,4,0,0,1,5,1,1,0,8,2,2,0,16,3,3,0,40,3,3,1
222,3382,2015-12-29,0,172,0.86,100,3,3,3,0,8,2,2,0,0,1,1,1,9,7,7,1,3,1,1,3,4,0,0,1,5,1,1,0,10,0,0,0,18,1,1,0,38,5,5,1
223,3383,2015-12-29,0,188,0.94,100,5,1,1,0,10,0,0,0,0,0,0,2,16,0,0,1,4,0,0,2,3,1,0,1,5,1,1,0,10,0,0,0,19,0,0,0,41,2,2,1
224,3384,2015-12-29,0,162,0.81,100,6,0,0,0,8,2,2,0,0,3,3,1,13,3,3,1,3,1,1,18,4,0,0,1,4,2,2,0,10,0,0,0,18,1,1,0,39,4,4,1
225,3388,2016-02-19,0,169,0.845,100,4,2,2,0,5,5,5,0,0,4,4,1,14,2,2,1,4,0,0,1,4,0,0,1,4,2,2,0,10,0,0,0,16,3,3,0,36,7,7,2
226,3390,2015-12-29,0,185,0.925,100,6,0,0,0,7,3,3,0,0,1,1,1,15,1,1,1,4,0,0,1,4,0,0,1,4,2,2,0,10,0,0,0,18,1,1,0,41,2,2,1
227,3391,2016-01-04,0,188,0.94,100,6,0,0,0,10,0,0,0,0,0,0,1,15,1,1,1,4,0,0,1,4,0,0,1,6,0,0,0,7,3,3,0,18,1,1,0,41,2,2,1
228,3395,2015-12-29,0,167,0.835,100,6,0,0,0,8,2,2,0,0,3,3,3,16,0,0,1,4,0,0,11,3,1,0,1,4,2,2,0,8,2,2,0,17,2,2,0,39,4,4,1
229,3397,2015-12-29,0,190,0.95,100,6,0,0,0,10,0,0,0,0,0,0,1,15,1,1,1,4,0,0,1,4,0,0,1,6,0,0,0,10,0,0,0,18,1,1,0,0,0,3,1
230,3398,2015-12-29,0,152,0.76,100,5,1,1,0,6,4,4,0,0,4,4,1,13,3,3,1,4,0,0,17,3,1,0,1,3,3,3,0,8,2,2,0,15,4,4,0,38,5,5,1
231,3399,2015-12-29,0,154,0.77,100,3,3,3,0,5,5,5,0,0,4,4,1,11,5,5,2,4,0,0,1,3,1,0,1,4,2,2,0,5,5,5,0,13,6,6,0,37,6,6,4
232,3400,2015-12-29,0,174,0.87,100,5,1,1,0,7,3,3,0,0,1,1,1,14,2,2,1,4,0,0,1,4,0,0,1,5,1,1,0,7,3,3,0,13,6,6,0,39,4,4,1
233,3402,2015-12-29,0,176,0.88,100,6,0,0,0,5,5,5,0,0,2,2,1,16,0,0,1,4,0,0,5,4,0,0,1,3,3,3,0,10,0,0,0,19,0,0,0,38,5,5,1
234,3403,2015-12-29,0,182,0.91,100,6,0,0,0,10,0,0,0,0,3,3,1,15,1,1,1,4,0,0,1,4,0,0,1,5,1,1,0,10,0,0,0,17,2,2,0,37,6,6,1
235,3404,2015-12-29,0,156,0.78,100,4,2,2,0,6,4,4,0,0,2,2,1,13,3,3,1,4,0,0,1,4,0,0,5,4,2,2,0,6,4,4,0,14,5,5,0,31,12,12,2
236,3405,2016-02-22,0,153,0.765,100,4,2,2,0,5,5,5,0,0,5,5,1,15,1,1,8,4,0,0,1,3,1,0,1,0,6,6,0,7,3,3,0,16,3,3,0,34,9,9,1
237,3406,2015-12-29,1,183,0.915,100,5,1,1,0,10,0,0,0,0,0,0,1,13,3,3,1,3,1,1,1,4,0,0,1,5,1,1,0,9,1,1,0,19,0,0,0,38,5,5,1
238,3407,2016-01-04,1,184,0.92,100,6,0,0,0,5,5,5,0,0,1,1,1,12,4,4,1,4,0,0,1,4,0,0,1,5,1,1,0,10,0,0,0,19,0,0,0,43,0,0,1
239,3421,2015-12-29,1,95,0.475,100,4,2,2,0,3,7,7,0,0,4,4,2,16,0,0,70,4,0,0,1,3,1,0,1,4,2,2,0,5,5,5,0,17,2,2,0,36,7,7,1
240,3487,2015-12-29,0,162,0.81,100,5,1,1,0,7,3,3,0,0,3,3,1,13,3,3,1,4,0,0,1,3,1,0,2,3,3,3,0,7,3,3,0,15,4,4,0,32,11,11,1
241,3489,2015-12-29,0,156,0.78,100,6,0,0,0,5,5,5,0,0,4,4,1,8,8,8,1,3,1,1,1,4,0,0,1,5,1,1,0,5,5,5,0,15,4,4,0,32,11,11,1
242,3564,2015-12-29,0,166,0.83,100,4,2,2,0,7,3,3,0,0,2,2,1,14,2,2,1,4,0,0,8,4,0,0,4,5,1,1,0,8,2,2,0,16,3,3,0,39,4,4,1
243,3565,2015-12-29,0,167,0.835,100,4,2,2,0,8,2,2,0,0,4,4,1,13,3,3,1,4,0,0,1,3,1,0,1,4,2,2,0,7,3,3,0,17,2,2,0,34,9,9,1
244,3566,2015-12-29,0,185,0.925,100,6,0,0,0,9,1,1,0,0,1,1,1,15,1,1,1,2,2,2,1,4,0,0,1,6,0,0,0,9,1,1,0,18,1,1,0,40,3,3,1
245,3572,2015-12-29,0,176,0.88,100,4,2,2,0,7,3,3,0,0,4,4,1,13,3,3,1,4,0,0,1,4,0,0,1,4,2,2,0,9,1,1,0,19,0,0,0,39,4,4,1
246,3579,2015-12-29,1,182,0.91,100,3,3,3,0,10,0,0,0,0,1,1,1,15,1,1,1,4,0,0,1,4,0,0,1,4,2,2,0,9,1,1,0,17,2,2,0,40,3,3,1
247,3580,2015-12-29,0,181,0.905,100,5,1,1,0,10,0,0,0,0,0,0,1,14,2,2,1,2,2,2,1,4,0,0,1,5,1,1,0,5,5,5,0,18,1,1,0,41,2,2,1
248,3581,2015-12-29,0,190,0.95,100,6,0,0,0,8,2,2,0,0,2,2,1,15,1,1,1,4,0,0,1,4,0,0,1,6,0,0,0,10,0,0,0,19,0,0,0,43,0,0,1
249,3583,2016-02-19,0,166,0.83,100,5,1,1,0,8,2,2,0,0,3,3,1,13,3,3,1,3,1,1,15,4,0,0,1,5,1,1,0,10,0,0,0,18,1,1,0,40,3,3,1
250,3584,2016-02-19,0,179,0.895,100,5,1,1,0,8,2,2,0,0,2,2,1,15,1,1,1,4,0,0,1,4,0,0,1,4,2,2,0,7,3,3,0,17,2,2,0,41,2,2,2
251,3585,2015-12-29,0,180,0.9,100,6,0,0,0,8,2,2,0,0,2,2,1,16,0,0,1,4,0,0,2,4,0,0,1,5,1,1,0,8,2,2,0,17,2,2,0,38,5,5,1
252,3586,2015-12-29,0,182,0.91,100,6,0,0,0,6,4,4,0,0,2,2,1,16,0,0,2,4,0,0,2,4,0,0,2,0,0,1,0,10,0,0,0,19,0,0,0,40,3,3,1
253,3587,2015-12-29,0,142,0.71,100,6,0,0,0,8,2,2,0,0,1,1,1,13,3,3,2,4,0,0,39,4,0,0,3,4,2,2,0,10,0,0,0,18,1,1,0,42,1,1,3
254,3588,2015-12-29,1,185,0.925,100,5,1,1,0,9,1,1,0,0,0,0,1,15,1,1,1,4,0,0,1,4,0,0,1,6,0,0,0,7,3,3,0,17,2,2,0,41,2,2,1
255,3590,2015-12-29,0,156,0.78,100,6,0,0,0,6,4,4,0,0,2,2,1,11,5,5,1,4,0,0,19,4,0,0,1,6,0,0,0,10,0,0,0,16,3,3,0,36,7,7,1
256,3593,2015-12-29,0,185,0.925,100,4,2,2,0,9,1,1,0,0,2,2,1,16,0,0,1,0,0,1,5,4,0,0,1,6,0,0,0,10,0,0,0,19,0,0,0,43,0,0,1
257,3594,2015-12-29,0,173,0.865,100,5,1,1,0,7,3,3,0,0,4,4,1,13,3,3,1,4,0,0,1,4,0,0,1,4,2,2,0,8,2,2,0,18,1,1,0,37,6,6,1
258,3596,2016-03-21,0,166,0.83,100,5,1,1,0,8,2,2,0,0,1,1,1,13,3,3,1,4,0,0,1,4,0,0,1,3,3,3,0,6,4,4,0,13,6,6,0,36,7,7,3
259,3597,2015-12-29,0,161,0.805,100,3,3,3,0,8,2,2,0,0,3,3,1,16,0,0,1,4,0,0,13,4,0,0,1,4,2,2,0,7,3,3,0,15,4,4,0,38,5,5,1
260,3603,2015-12-29,0,185,0.925,100,6,0,0,0,10,0,0,0,0,1,1,1,14,2,2,1,4,0,0,2,4,0,0,1,5,1,1,0,10,0,0,0,19,0,0,0,39,4,4,2
261,3604,2015-12-29,0,168,0.84,100,5,1,1,0,8,2,2,0,0,0,0,1,13,3,3,4,4,0,0,10,4,0,0,1,4,2,2,0,10,0,0,0,18,1,1,0,38,5,5,2
262,3605,2015-12-29,0,187,0.935,100,6,0,0,0,9,1,1,0,0,2,2,1,15,1,1,1,4,0,0,1,4,0,0,1,5,1,1,0,10,0,0,0,18,1,1,0,41,2,2,1
263,3606,2015-12-29,0,180,0.9,100,5,1,1,0,8,2,2,0,0,1,1,1,14,2,2,1,4,0,0,1,4,0,0,1,6,0,0,0,8,2,2,0,16,3,3,0,39,4,4,1
264,3607,2015-12-29,0,190,0.95,100,6,0,0,0,10,0,0,0,0,1,1,1,14,2,2,2,4,0,0,1,4,0,0,1,6,0,0,0,10,0,0,0,18,1,1,0,43,0,0,1
265,3609,2015-12-29,0,170,0.85,100,4,2,2,0,5,5,5,0,0,3,3,2,14,2,2,1,4,0,0,3,4,0,0,1,4,2,2,0,7,3,3,0,18,1,1,0,39,4,4,1
266,3610,2015-12-29,0,163,0.815,100,5,1,1,0,7,3,3,0,0,1,1,1,13,3,3,6,3,1,1,1,4,0,0,3,5,1,1,0,7,3,3,0,19,0,0,0,32,11,11,2
267,3613,2015-12-29,1,174,0.87,100,5,1,1,0,7,3,3,0,0,1,1,2,14,2,2,2,4,0,0,4,4,0,0,2,5,1,1,0,9,1,1,0,17,2,2,0,39,4,4,1
268,3614,2016-02-19,0,183,0.915,100,6,0,0,0,8,2,2,0,0,2,2,1,15,1,1,2,4,0,0,3,4,0,0,1,6,0,0,0,9,1,1,0,19,0,0,0,40,3,3,1
269,3617,2016-03-01,0,174,0.87,100,4,2,2,0,7,3,3,0,0,3,3,3,15,1,1,1,4,0,0,1,4,0,0,1,2,4,4,0,7,3,3,0,18,1,1,0,41,2,2,1
270,3620,2015-12-29,0,170,0.85,100,2,4,4,0,4,6,6,0,0,4,4,1,16,0,0,1,3,1,1,6,4,0,0,2,5,1,1,0,7,3,3,0,19,0,0,0,43,0,0,1
271,3621,2015-12-29,0,181,0.905,100,4,2,2,0,8,2,2,0,0,0,0,1,16,0,0,1,4,0,0,1,2,2,0,1,5,1,1,0,9,1,1,0,9,1,1,0,38,5,5,1
272,3622,2015-12-29,0,192,0.96,100,6,0,0,0,9,1,1,0,0,0,0,1,15,1,1,1,4,0,0,1,4,0,0,1,6,0,0,0,9,1,1,0,19,0,0,0,43,0,0,1
273,3623,2015-12-29,0,173,0.865,100,6,0,0,0,7,3,3,0,0,2,2,2,14,2,2,2,4,0,0,1,3,1,0,1,3,3,3,0,9,1,1,0,17,2,2,0,37,6,6,1
274,3624,2015-12-29,0,172,0.86,100,5,1,1,0,8,2,2,0,0,3,3,1,14,2,2,1,4,0,0,11,4,0,0,1,4,2,2,0,10,0,0,0,18,1,1,0,41,2,2,1
275,3625,2015-12-29,0,150,0.75,100,4,2,2,0,6,4,4,0,0,4,4,1,9,7,7,1,4,0,0,1,4,0,0,1,0,6,6,0,6,4,4,0,12,7,7,0,32,11,11,1
276,3626,2016-01-04,0,189,0.945,100,6,0,0,0,9,1,1,0,0,1,1,1,14,2,2,1,4,0,0,1,4,0,0,1,6,0,0,0,10,0,0,0,18,1,1,0,42,1,1,1
277,3627,2016-01-04,0,189,0.945,100,6,0,0,0,9,1,1,0,0,1,1,1,14,2,2,1,4,0,0,1,4,0,0,1,6,0,0,0,10,0,0,0,18,1,1,0,42,1,1,1
278,3628,2015-12-29,0,177,0.885,100,5,1,1,0,9,1,1,0,0,2,2,1,14,2,2,1,4,0,0,1,4,0,0,1,5,1,1,0,8,2,2,0,17,2,2,0,36,7,7,1
279,3631,2015-12-29,0,173,0.865,100,5,1,1,0,8,2,2,0,0,1,1,1,15,1,1,1,4,0,0,11,4,0,0,1,6,0,0,0,9,1,1,0,18,1,1,0,38,5,5,1
280,3634,2015-12-29,1,192,0.96,100,6,0,0,0,9,1,1,0,0,0,0,2,16,0,0,1,4,0,0,1,4,0,0,1,5,1,1,0,10,0,0,0,19,0,0,0,43,0,0,1
281,3635,2016-02-22,0,187,0.935,100,6,0,0,0,8,2,2,0,0,0,0,1,15,1,1,1,4,0,0,1,4,0,0,1,5,1,1,0,8,2,2,0,18,1,1,0,42,1,1,1
282,3636,2015-12-29,1,179,0.895,100,6,0,0,0,6,4,4,0,0,1,1,1,14,2,2,1,4,0,0,1,3,1,0,1,6,0,0,0,10,0,0,0,16,3,3,0,38,5,5,1
283,3639,2016-01-04,0,143,0.715,100,2,4,4,0,6,4,4,0,0,5,5,1,10,6,6,1,4,0,0,4,3,1,0,1,4,2,2,0,4,6,6,0,13,6,6,0,30,13,13,3
284,3641,2015-12-29,1,186,0.93,100,4,2,2,0,8,2,2,0,0,0,0,1,16,0,0,2,4,0,0,1,4,0,0,1,6,0,0,0,9,1,1,0,18,1,1,0,41,2,2,1
285,3642,2015-12-29,0,191,0.955,100,5,1,1,0,9,1,1,0,0,0,0,2,15,1,1,1,4,0,0,1,4,0,0,1,6,0,0,0,10,0,0,0,19,0,0,0,43,0,0,1
286,3644,2016-02-19,0,172,0.86,100,5,1,1,0,6,4,4,0,0,2,2,1,13,3,3,1,2,2,2,2,3,1,0,1,5,1,1,0,8,2,2,0,17,2,2,0,39,4,4,1
287,3645,2016-01-04,0,161,0.805,100,5,1,1,0,6,4,4,0,0,4,4,1,13,3,3,2,2,2,2,1,4,0,0,2,3,3,3,0,6,4,4,0,16,3,3,0,35,8,8,1
288,3646,2015-12-29,0,166,0.83,100,3,3,3,0,9,1,1,0,0,0,0,1,12,4,4,2,4,0,0,1,4,0,0,1,3,3,3,0,4,6,6,0,14,5,5,0,37,6,6,1
289,3950,2015-12-29,1,173,0.865,100,5,1,1,0,8,2,2,0,0,3,3,1,12,4,4,1,4,0,0,1,4,0,0,1,1,5,5,0,8,2,2,0,18,1,1,0,41,2,2,3
290,4000,2015-12-29,1,184,0.92,100,5,1,1,0,8,2,2,0,0,1,1,1,14,2,2,1,4,0,0,1,4,0,0,1,6,0,0,0,7,3,3,0,17,2,2,0,43,0,0,1
291,4019,2015-12-29,1,174,0.87,100,3,3,3,0,6,4,4,0,0,3,3,1,12,4,4,1,4,0,0,1,4,0,0,1,5,1,1,0,9,1,1,0,16,3,3,0,41,2,2,1
292,4025,2015-12-29,1,170,0.85,100,3,3,3,0,7,3,3,0,0,1,1,1,14,2,2,1,3,1,1,3,2,2,0,1,2,4,4,0,9,1,1,0,17,2,2,0,39,4,4,1
293,4082,2015-12-29,0,188,0.94,100,5,1,1,0,9,1,1,0,0,0,0,1,16,0,0,1,0,0,1,1,4,0,0,1,5,1,1,0,8,2,2,0,18,1,1,0,43,0,0,1
294,4085,2015-12-29,0,146,0.73,100,4,2,2,0,5,5,5,0,0,3,3,1,10,6,6,2,4,0,0,19,3,1,0,3,3,3,3,0,8,2,2,0,17,2,2,0,39,4,4,1
295,4088,2015-12-29,0,161,0.805,100,6,0,0,0,5,5,5,0,0,3,3,3,13,3,3,3,4,0,0,2,4,0,0,2,2,4,4,0,5,5,5,0,16,3,3,0,38,5,5,1
296,4092,2015-12-29,0,175,0.875,100,6,0,0,0,7,3,3,0,0,3,3,1,16,0,0,2,4,0,0,4,3,1,0,1,6,0,0,0,8,2,2,0,18,1,1,0,37,6,6,1
297,4101,2015-12-29,1,174,0.87,100,6,0,0,0,8,2,2,0,0,3,3,1,16,0,0,1,4,0,0,6,4,0,0,8,5,1,1,0,7,3,3,0,19,0,0,0,43,0,0,1
298,4106,2015-12-29,0,189,0.945,100,6,0,0,0,10,0,0,0,0,0,0,1,16,0,0,1,4,0,0,1,4,0,0,1,6,0,0,0,8,2,2,0,18,1,1,0,40,3,3,1
299,4132,2015-12-29,0,170,0.85,100,6,0,0,0,8,2,2,0,0,2,2,2,14,2,2,1,4,0,0,8,4,0,0,1,4,2,2,0,8,2,2,0,17,2,2,0,40,3,3,3
300,4133,2015-12-29,0,66,0.33,100,5,1,1,0,5,5,5,0,0,7,7,1,12,4,4,27,4,0,0,35,4,0,0,1,4,2,2,0,5,5,5,0,17,2,2,0,35,8,8,36
301,4135,2015-12-29,0,182,0.91,100,6,0,0,0,9,1,1,0,0,2,2,1,16,0,0,1,3,1,1,2,3,1,0,1,4,2,2,0,10,0,0,0,18,1,1,0,39,4,4,1
302,4142,2015-12-29,0,176,0.88,100,2,4,4,0,5,5,5,0,0,3,3,1,15,1,1,1,4,0,0,1,4,0,0,1,6,0,0,0,7,3,3,0,18,1,1,0,41,2,2,1
303,4161,2015-12-29,0,130,0.65,100,4,2,2,0,7,3,3,0,0,1,1,10,12,4,4,30,4,0,0,1,4,0,0,14,6,0,0,0,9,1,1,0,17,2,2,0,42,1,1,1
304,4223,2015-12-29,0,182,0.91,100,5,1,1,0,9,1,1,0,0,4,4,1,16,0,0,1,4,0,0,1,4,0,0,1,6,0,0,0,7,3,3,0,17,2,2,0,41,2,2,1
305,4228,2015-12-29,1,187,0.935,100,5,1,1,0,9,1,1,0,0,2,2,1,15,1,1,1,4,0,0,1,4,0,0,1,6,0,0,0,9,1,1,0,19,0,0,0,41,2,2,1
306,4229,2015-12-29,0,178,0.89,100,5,1,1,0,7,3,3,0,0,3,3,1,16,0,0,1,4,0,0,3,4,0,0,1,5,1,1,0,7,3,3,0,16,3,3,0,42,1,1,1
307,4230,2015-12-29,0,176,0.88,100,4,2,2,0,8,2,2,0,0,1,1,6,13,3,3,1,4,0,0,1,4,0,0,1,5,1,1,0,8,2,2,0,18,1,1,0,41,2,2,1
308,4234,2015-12-29,0,178,0.89,100,4,2,2,0,10,0,0,0,0,2,2,1,13,3,3,1,4,0,0,1,4,0,0,1,5,1,1,0,7,3,3,0,17,2,2,0,39,4,4,1
309,4243,2015-12-29,0,187,0.935,100,6,0,0,0,9,1,1,0,0,0,0,2,13,3,3,1,4,0,0,1,3,1,0,1,5,1,1,0,9,1,1,0,19,0,0,0,43,0,0,1
310,4244,2015-12-29,0,183,0.915,100,6,0,0,0,9,1,1,0,0,1,1,1,15,1,1,1,4,0,0,1,0,0,0,1,6,0,0,0,6,4,4,0,18,1,1,0,40,3,3,1
311,4247,2015-12-29,1,169,0.845,100,5,1,1,0,7,3,3,0,0,4,4,3,15,1,1,1,3,1,1,4,4,0,0,2,4,2,2,0,6,4,4,0,19,0,0,0,39,4,4,1
312,4262,2015-12-29,0,182,0.91,100,6,0,0,0,4,6,6,0,0,0,0,1,15,1,1,1,4,0,0,1,4,0,0,1,5,1,1,0,10,0,0,0,19,0,0,0,39,4,4,2
313,4265,2015-12-29,0,156,0.78,100,6,0,0,0,6,4,4,0,0,4,4,1,13,3,3,1,3,1,1,17,4,0,0,1,4,2,2,0,7,3,3,0,15,4,4,0,41,2,2,1
314,4271,2015-12-29,0,160,0.8,100,4,2,2,0,6,4,4,0,0,2,2,1,14,2,2,3,3,1,1,10,3,1,0,1,5,1,1,0,7,3,3,0,15,4,4,0,39,4,4,1
315,4280,2015-12-29,1,179,0.895,100,4,2,2,0,6,4,4,0,0,1,1,1,14,2,2,1,4,0,0,1,3,1,0,1,4,2,2,0,9,1,1,0,19,0,0,0,40,3,3,1
316,4282,2015-12-29,0,135,0.675,100,5,1,1,0,6,4,4,0,0,3,3,2,16,0,0,1,4,0,0,46,4,0,0,1,5,1,1,0,10,0,0,0,19,0,0,0,38,5,5,1
317,4283,2015-12-29,1,181,0.905,100,6,0,0,0,10,0,0,0,0,1,1,1,16,0,0,2,4,0,0,3,4,0,0,1,4,2,2,0,7,3,3,0,18,1,1,0,39,4,4,1
318,4285,2015-12-29,0,140,0.7,100,6,0,0,0,6,4,4,0,0,3,3,1,13,3,3,1,4,0,0,31,4,0,0,1,2,4,4,0,6,4,4,0,16,3,3,0,39,4,4,1
319,4286,2015-12-29,1,179,0.895,100,5,1,1,0,7,3,3,0,0,1,1,1,13,3,3,2,4,0,0,1,4,0,0,2,6,0,0,0,9,1,1,0,17,2,2,0,40,3,3,1
320,4295,2015-12-29,0,131,0.655,100,6,0,0,0,8,2,2,0,0,0,0,2,13,3,3,46,2,2,2,1,2,2,0,1,6,0,0,0,9,1,1,0,17,2,2,0,37,6,6,1
321,4297,2015-12-29,0,168,0.84,100,5,1,1,0,4,6,6,0,0,6,6,6,14,2,2,1,4,0,0,1,3,1,0,1,3,3,3,0,10,0,0,0,17,2,2,0,42,1,1,1
322,4298,2015-12-29,0,143,0.715,100,5,1,1,0,10,0,0,0,0,2,2,1,15,1,1,2,4,0,0,42,4,0,0,1,5,1,1,0,7,3,3,0,18,1,1,0,42,1,1,1
323,4299,2016-01-04,0,184,0.92,100,4,2,2,0,8,2,2,0,0,2,2,1,15,1,1,1,4,0,0,1,4,0,0,1,6,0,0,0,9,1,1,0,17,2,2,0,42,1,1,1
324,4300,2015-12-29,0,123,0.615,100,2,4,4,0,6,4,4,0,0,3,3,1,5,11,11,1,2,2,2,2,3,1,0,1,2,4,4,0,3,7,7,0,13,6,6,0,14,29,29,1
325,4303,2015-12-29,0,158,0.79,100,5,1,1,0,6,4,4,0,0,1,1,1,15,1,1,1,4,0,0,28,4,0,0,1,6,0,0,0,10,0,0,0,17,2,2,0,42,1,1,1
326,4304,2015-12-29,1,175,0.875,100,5,1,1,0,8,2,2,0,0,2,2,2,12,4,4,2,4,0,0,1,4,0,0,1,3,3,3,0,9,1,1,0,18,1,1,0,39,4,4,1
327,4306,2015-12-29,0,178,0.89,100,4,2,2,0,6,4,4,0,0,0,0,1,15,1,1,1,4,0,0,1,3,1,0,1,3,3,3,0,10,0,0,0,19,0,0,0,37,6,6,1
328,4307,2015-12-29,0,169,0.845,100,5,1,1,0,8,2,2,0,0,3,3,1,12,4,4,2,2,2,2,1,4,0,0,1,5,1,1,0,9,1,1,0,18,1,1,0,33,10,10,1
329,4315,2015-12-29,0,189,0.945,100,6,0,0,0,8,2,2,0,0,0,0,1,16,0,0,1,4,0,0,1,4,0,0,1,4,2,2,0,10,0,0,0,19,0,0,0,41,2,2,1
330,4316,2015-12-29,0,158,0.79,100,4,2,2,0,4,6,6,0,0,3,3,1,11,5,5,1,3,1,1,1,3,1,0,1,3,3,3,0,4,6,6,0,14,5,5,0,38,5,5,1
331,4341,2015-12-29,0,162,0.81,100,3,3,3,0,4,6,6,0,0,3,3,1,13,3,3,1,4,0,0,1,4,0,0,1,5,1,1,0,6,4,4,0,14,5,5,0,35,8,8,1
332,4342,2015-12-29,0,163,0.815,100,5,1,1,0,7,3,3,0,0,1,1,10,15,1,1,1,3,1,1,2,4,0,0,1,4,2,2,0,8,2,2,0,16,3,3,0,35,8,8,1
333,4343,2015-12-29,0,162,0.81,100,5,1,1,0,9,1,1,0,0,4,4,1,13,3,3,2,3,1,1,2,4,0,0,1,4,2,2,0,4,6,6,0,18,1,1,0,31,12,12,1
334,4344,2015-12-29,0,185,0.925,100,6,0,0,0,9,1,1,0,0,1,1,1,14,2,2,1,4,0,0,1,4,0,0,1,6,0,0,0,9,1,1,0,17,2,2,0,40,3,3,1
335,4345,2015-12-29,0,180,0.9,100,6,0,0,0,8,2,2,0,0,2,2,1,16,0,0,1,4,0,0,1,4,0,0,1,5,1,1,0,10,0,0,0,17,2,2,0,35,8,8,1
336,4346,2015-12-29,0,173,0.865,100,5,1,1,0,7,3,3,0,0,1,1,1,14,2,2,1,4,0,0,1,4,0,0,1,3,3,3,0,6,4,4,0,17,2,2,0,37,6,6,1
337,4347,2015-12-29,0,178,0.89,100,6,0,0,0,9,1,1,0,0,3,3,1,15,1,1,1,4,0,0,1,3,1,0,1,4,2,2,0,7,3,3,0,15,4,4,0,41,2,2,1
338,4348,2015-12-29,0,80,0.4,100,2,4,4,0,5,5,5,0,0,3,3,13,12,4,4,7,3,1,1,63,2,2,0,1,4,2,2,0,7,3,3,0,17,2,2,0,34,9,9,1
339,4349,2015-12-29,0,160,0.8,100,3,3,3,0,5,5,5,0,0,6,6,2,13,3,3,1,3,1,1,3,4,0,0,1,3,3,3,0,8,2,2,0,13,6,6,0,40,3,3,1
340,4350,2015-12-29,0,185,0.925,100,5,1,1,0,8,2,2,0,0,2,2,1,15,1,1,1,4,0,0,1,4,0,0,1,6,0,0,0,9,1,1,0,18,1,1,0,41,2,2,1
341,4351,2015-12-29,0,184,0.92,100,5,1,1,0,6,4,4,0,0,2,2,1,16,0,0,1,4,0,0,1,4,0,0,1,5,1,1,0,10,0,0,0,19,0,0,0,40,3,3,1
342,4352,2015-12-29,0,134,0.67,100,4,2,2,0,7,3,3,0,0,2,2,3,13,3,3,2,4,0,0,27,4,0,0,1,4,2,2,0,7,3,3,0,12,7,7,0,33,10,10,1
343,4353,2015-12-29,0,173,0.865,100,3,3,3,0,7,3,3,0,0,2,2,1,16,0,0,1,4,0,0,10,4,0,0,2,6,0,0,0,10,0,0,0,18,1,1,0,40,3,3,1
344,4354,2015-12-29,0,176,0.88,100,5,1,1,0,7,3,3,0,0,2,2,1,14,2,2,1,2,2,2,1,4,0,0,1,5,1,1,0,10,0,0,0,18,1,1,0,36,7,7,1
345,4355,2015-12-29,1,187,0.935,100,5,1,1,0,7,3,3,0,0,0,0,1,15,1,1,1,4,0,0,1,4,0,0,1,5,1,1,0,10,0,0,0,19,0,0,0,41,2,2,1
346,4356,2015-12-29,1,163,0.815,100,5,1,1,0,7,3,3,0,0,3,3,2,13,3,3,1,4,0,0,8,4,0,0,1,3,3,3,0,10,0,0,0,14,5,5,0,37,6,6,1
347,4357,2015-12-29,0,167,0.835,100,5,1,1,0,7,3,3,0,0,3,3,4,15,1,1,1,4,0,0,5,4,0,0,1,6,0,0,0,7,3,3,0,16,3,3,0,36,7,7,1
348,4358,2015-12-29,0,170,0.85,100,6,0,0,0,9,1,1,0,0,3,3,1,15,1,1,1,4,0,0,14,3,1,0,1,6,0,0,0,9,1,1,0,19,0,0,0,38,5,5,1
349,4359,2016-01-04,0,142,0.71,100,4,2,2,0,7,3,3,0,0,3,3,3,14,2,2,1,4,0,0,16,4,0,0,1,4,2,2,0,8,2,2,0,16,3,3,0,24,19,19,1
350,4360,2015-12-29,0,156,0.78,100,3,3,3,0,8,2,2,0,0,0,0,1,13,3,3,1,4,0,0,11,4,0,0,1,5,1,1,0,7,3,3,0,17,2,2,0,28,15,15,1
351,4362,2015-12-29,0,153,0.765,100,5,1,1,0,4,6,6,0,0,4,4,1,13,3,3,1,4,0,0,2,3,1,0,1,2,4,4,0,7,3,3,0,16,3,3,0,27,16,16,1
352,4363,2015-12-29,0,172,0.86,100,6,0,0,0,6,4,4,0,0,0,0,1,14,2,2,2,4,0,0,1,4,0,0,1,5,1,1,0,10,0,0,0,16,3,3,0,31,12,12,1
353,4364,2015-12-29,1,154,0.77,100,5,1,1,0,8,2,2,0,0,3,3,1,15,1,1,1,4,0,0,1,2,2,0,1,4,2,2,0,9,1,1,0,17,2,2,0,16,27,27,1
354,4365,2015-12-29,0,160,0.8,100,2,4,4,0,8,2,2,0,0,3,3,1,14,2,2,1,3,1,1,3,4,0,0,1,1,5,5,0,7,3,3,0,11,8,8,0,38,5,5,1
355,4719,2016-02-22,0,171,0.855,100,4,2,2,0,7,3,3,0,0,2,2,1,12,4,4,1,3,1,1,1,4,0,0,1,3,3,3,0,7,3,3,0,17,2,2,0,39,4,4,1
356,4767,2016-02-22,0,139,0.695,100,4,2,2,0,4,6,6,0,0,3,3,1,13,3,3,1,2,2,2,20,4,0,0,1,5,1,1,0,6,4,4,0,13,6,6,0,33,10,10,1
357,4931,2016-02-25,0,159,0.795,100,4,2,2,0,8,2,2,0,0,3,3,1,15,1,1,1,3,1,1,1,3,1,0,1,3,3,3,0,8,2,2,0,16,3,3,0,25,18,18,1
358,4932,2016-02-22,0,182,0.91,100,6,0,0,0,7,3,3,0,0,2,2,1,16,0,0,1,3,1,1,1,4,0,0,1,4,2,2,0,10,0,0,0,18,1,1,0,39,4,4,1
359,4933,2016-02-22,0,151,0.755,100,4,2,2,0,7,3,3,0,0,1,1,2,10,6,6,1,4,0,0,25,4,0,0,1,6,0,0,0,9,1,1,0,15,4,4,0,41,2,2,1
360,4934,2016-03-01,0,166,0.83,100,5,1,1,0,8,2,2,0,0,4,4,1,16,0,0,1,3,1,1,8,4,0,0,1,4,2,2,0,7,3,3,0,16,3,3,0,38,5,5,2
361,4935,2016-02-22,0,173,0.865,100,3,3,3,0,8,2,2,0,0,1,1,1,12,4,4,1,4,0,0,7,4,0,0,1,5,1,1,0,9,1,1,0,18,1,1,0,40,3,3,1
362,4937,2016-02-22,0,146,0.73,100,5,1,1,0,6,4,4,0,0,1,1,2,9,7,7,4,4,0,0,19,4,0,0,1,2,4,4,0,7,3,3,0,16,3,3,0,39,4,4,1
363,4938,2016-02-22,1,181,0.905,100,6,0,0,0,8,2,2,0,0,3,3,4,16,0,0,1,4,0,0,4,4,0,0,1,6,0,0,0,10,0,0,0,17,2,2,0,42,1,1,1
364,4940,2016-02-25,0,179,0.895,100,4,2,2,0,9,1,1,0,0,2,2,1,14,2,2,1,4,0,0,1,4,0,0,1,6,0,0,0,6,4,4,0,17,2,2,0,40,3,3,1
365,4946,2016-02-22,0,178,0.89,100,6,0,0,0,7,3,3,0,0,4,4,1,15,1,1,1,4,0,0,1,4,0,0,1,4,2,2,0,9,1,1,0,19,0,0,0,37,6,6,1
366,4948,2016-03-08,0,175,0.875,100,3,3,3,0,9,1,1,0,0,2,2,1,13,3,3,1,4,0,0,2,4,0,0,1,5,1,1,0,8,2,2,0,16,3,3,0,39,4,4,1
367,4950,2016-02-22,1,179,0.895,100,3,3,3,0,9,1,1,0,0,4,4,1,15,1,1,1,4,0,0,1,4,0,0,1,4,2,2,0,8,2,2,0,19,0,0,0,40,3,3,1
368,4951,2016-02-25,0,165,0.825,100,2,4,4,0,4,6,6,0,0,4,4,1,11,5,5,2,3,1,1,2,3,1,0,1,5,1,1,0,8,2,2,0,17,2,2,0,41,2,2,1
369,4952,2016-02-22,0,189,0.945,100,6,0,0,0,8,2,2,0,0,0,0,1,14,2,2,1,4,0,0,1,4,0,0,1,6,0,0,0,10,0,0,0,19,0,0,0,41,2,2,1
370,4954,2016-03-08,0,174,0.87,100,5,1,1,0,5,5,5,0,0,3,3,1,13,3,3,1,2,2,2,3,4,0,0,1,5,1,1,0,9,1,1,0,18,1,1,0,41,2,2,1
371,4955,2016-02-22,0,172,0.86,100,4,2,2,0,8,2,2,0,0,3,3,1,13,3,3,1,4,0,0,1,3,1,0,1,5,1,1,0,7,3,3,0,16,3,3,0,38,5,5,1
372,4956,2016-02-22,0,164,0.82,100,5,1,1,0,9,1,1,0,0,3,3,4,12,4,4,1,4,0,0,1,4,0,0,2,5,1,1,0,9,1,1,0,14,5,5,0,36,7,7,5
373,4957,2016-02-22,0,174,0.87,100,6,0,0,0,7,3,3,0,0,3,3,1,13,3,3,1,4,0,0,1,3,1,0,1,5,1,1,0,7,3,3,0,16,3,3,0,39,4,4,1
374,4958,2016-02-22,0,176,0.88,100,6,0,0,0,8,2,2,0,0,3,3,1,14,2,2,1,3,1,1,1,4,0,0,1,3,3,3,0,10,0,0,0,19,0,0,0,36,7,7,2
375,4962,2016-02-22,0,184,0.92,100,4,2,2,0,9,1,1,0,0,0,0,2,15,1,1,1,4,0,0,1,3,1,0,1,6,0,0,0,9,1,1,0,17,2,2,0,41,2,2,1
376,4965,2016-02-19,0,157,0.785,100,5,1,1,0,8,2,2,0,0,3,3,1,14,2,2,1,4,0,0,14,4,0,0,1,5,1,1,0,5,5,5,0,17,2,2,0,34,9,9,1
377,4966,2016-02-25,0,179,0.895,100,6,0,0,0,6,4,4,0,0,1,1,1,14,2,2,1,4,0,0,1,4,0,0,1,6,0,0,0,7,3,3,0,17,2,2,0,39,4,4,1
378,4969,2016-02-25,1,182,0.91,100,6,0,0,0,7,3,3,0,0,4,4,1,15,1,1,1,4,0,0,1,3,1,0,1,5,1,1,0,9,1,1,0,18,1,1,0,42,1,1,1
379,4994,2016-03-11,1,187,0.935,100,6,0,0,0,9,1,1,0,0,1,1,1,15,1,1,3,4,0,0,1,4,0,0,2,6,0,0,0,10,0,0,0,18,1,1,0,42,1,1,1
380,5006,2016-02-22,1,161,0.805,100,6,0,0,0,8,2,2,0,0,3,3,1,13,3,3,1,4,0,0,13,4,0,0,1,6,0,0,0,7,3,3,0,17,2,2,0,34,9,9,1
381,5007,2016-02-22,0,177,0.885,100,6,0,0,0,9,1,1,0,0,3,3,1,14,2,2,7,4,0,0,2,4,0,0,1,6,0,0,0,9,1,1,0,17,2,2,0,41,2,2,1
382,5010,2016-02-25,0,188,0.94,100,5,1,1,0,10,0,0,0,0,1,1,1,16,0,0,1,4,0,0,1,3,1,0,1,5,1,1,0,8,2,2,0,18,1,1,0,43,0,0,1
383,5012,2016-02-22,1,149,0.745,100,4,2,2,0,7,3,3,0,0,3,3,1,13,3,3,1,4,0,0,10,2,2,0,1,4,2,2,0,5,5,5,0,18,1,1,0,27,16,16,1
384,5017,2016-02-25,0,164,0.82,100,4,2,2,0,8,2,2,0,0,2,2,1,15,1,1,1,4,0,0,4,4,0,0,1,3,3,3,0,6,4,4,0,14,5,5,0,34,9,9,1
385,5021,2016-02-22,0,181,0.905,100,4,2,2,0,8,2,2,0,0,3,3,1,15,1,1,1,4,0,0,1,4,0,0,1,5,1,1,0,10,0,0,0,19,0,0,0,38,5,5,1
386,5023,2016-02-25,0,169,0.845,100,5,1,1,0,8,2,2,0,0,2,2,1,13,3,3,6,4,0,0,1,4,0,0,2,5,1,1,0,7,3,3,0,18,1,1,0,36,7,7,1
387,5029,2016-02-22,0,187,0.935,100,6,0,0,0,7,3,3,0,0,1,1,1,16,0,0,1,4,0,0,1,3,1,0,1,6,0,0,0,10,0,0,0,18,1,1,0,41,2,2,1
388,5033,2016-02-22,0,166,0.83,100,4,2,2,0,4,6,6,0,0,2,2,1,13,3,3,1,4,0,0,1,3,1,0,1,5,1,1,0,5,5,5,0,16,3,3,0,37,6,6,1
389,5035,2016-02-22,0,128,0.64,100,3,3,3,0,7,3,3,0,0,1,1,1,10,6,6,2,3,1,1,30,4,0,0,1,4,2,2,0,7,3,3,0,15,4,4,0,29,14,14,1
390,5036,2016-02-22,0,177,0.885,100,4,2,2,0,8,2,2,0,0,3,3,1,11,5,5,1,4,0,0,2,4,0,0,1,4,2,2,0,9,1,1,0,18,1,1,0,42,1,1,1
391,5037,2016-02-25,0,182,0.91,100,6,0,0,0,9,1,1,0,0,0,0,1,13,3,3,1,4,0,0,4,4,0,0,1,5,1,1,0,9,1,1,0,18,1,1,0,40,3,3,1
392,5039,2016-02-22,0,175,0.875,100,5,1,1,0,6,4,4,0,0,1,1,2,15,1,1,1,4,0,0,1,3,1,0,1,4,2,2,0,8,2,2,0,16,3,3,0,39,4,4,1
393,5041,2016-02-25,1,184,0.92,100,5,1,1,0,7,3,3,0,0,2,2,1,16,0,0,1,3,1,1,1,4,0,0,1,3,3,3,0,10,0,0,0,19,0,0,0,42,1,1,1
394,5053,2016-02-22,0,179,0.895,100,5,1,1,0,9,1,1,0,0,3,3,2,15,1,1,1,4,0,0,1,4,0,0,1,5,1,1,0,8,2,2,0,19,0,0,0,39,4,4,3
395,5059,2016-03-08,0,151,0.755,100,4,2,2,0,7,3,3,0,0,4,4,1,0,0,4,7,4,0,0,1,4,0,0,1,4,2,2,0,8,2,2,0,15,4,4,0,26,17,17,1
396,5060,2016-02-22,0,175,0.875,100,6,0,0,0,9,1,1,0,0,1,1,1,15,1,1,1,4,0,0,2,4,0,0,1,5,1,1,0,9,1,1,0,12,7,7,0,36,7,7,1
397,5061,2016-02-25,1,181,0.905,100,6,0,0,0,8,2,2,0,0,0,0,1,15,1,1,1,4,0,0,1,4,0,0,1,4,2,2,0,10,0,0,0,17,2,2,0,36,7,7,1
398,5065,2016-02-25,1,185,0.925,100,5,1,1,0,7,3,3,0,0,0,0,1,14,2,2,1,4,0,0,1,3,1,0,1,6,0,0,0,10,0,0,0,17,2,2,0,42,1,1,1
399,5088,2016-03-17,0,168,0.84,100,5,1,1,0,8,2,2,0,0,2,2,2,12,4,4,1,4,0,0,10,4,0,0,1,4,2,2,0,9,1,1,0,15,4,4,0,42,1,1,1
400,5135,2016-03-17,0,168,0.84,100,5,1,1,0,7,3,3,0,0,3,3,1,15,1,1,1,4,0,0,10,4,0,0,1,4,2,2,0,7,3,3,0,18,1,1,0,39,4,4,1
401,5141,2016-03-08,0,191,0.955,100,6,0,0,0,8,2,2,0,0,1,1,1,15,1,1,1,4,0,0,1,4,0,0,1,6,0,0,0,10,0,0,0,19,0,0,0,43,0,0,1
402,5144,2016-02-22,0,164,0.82,100,3,3,3,0,9,1,1,0,0,0,0,2,13,3,3,1,4,0,0,1,4,0,0,1,5,1,1,0,6,4,4,0,16,3,3,0,28,15,15,1
403,5149,2016-02-25,0,173,0.865,100,5,1,1,0,7,3,3,0,0,0,0,1,15,1,1,1,4,0,0,6,3,1,0,1,3,3,3,0,9,1,1,0,16,3,3,0,39,4,4,1
404,5150,2016-02-22,0,124,0.62,100,4,2,2,0,5,5,5,0,0,4,4,10,13,3,3,11,4,0,0,13,4,0,0,1,6,0,0,0,8,2,2,0,16,3,3,0,37,6,6,16
405,5152,2016-03-01,0,148,0.74,100,5,1,1,0,8,2,2,0,0,4,4,1,15,1,1,3,4,0,0,5,4,0,0,25,3,3,3,0,9,1,1,0,19,0,0,0,38,5,5,1
406,5153,2016-03-08,0,180,0.9,100,6,0,0,0,8,2,2,0,0,3,3,1,15,1,1,1,4,0,0,4,4,0,0,1,4,2,2,0,9,1,1,0,19,0,0,0,40,3,3,1
407,5158,2016-03-22,1,174,0.87,100,4,2,2,0,6,4,4,0,0,3,3,3,15,1,1,1,4,0,0,1,4,0,0,1,4,2,2,0,8,2,2,0,18,1,1,0,39,4,4,1
408,5161,2016-03-17,1,173,0.865,100,2,4,4,0,8,2,2,0,0,3,3,2,13,3,3,1,4,0,0,1,4,0,0,1,2,4,4,0,9,1,1,0,18,1,1,0,40,3,3,1
409,5162,2016-02-22,1,173,0.865,100,4,2,2,0,8,2,2,0,0,0,0,1,10,6,6,1,4,0,0,2,4,0,0,2,5,1,1,0,9,1,1,0,16,3,3,0,38,5,5,1
410,5163,2016-03-17,1,184,0.92,100,6,0,0,0,7,3,3,0,0,0,0,1,15,1,1,2,4,0,0,1,4,0,0,1,4,2,2,0,10,0,0,0,19,0,0,0,40,3,3,2
411,5165,2016-03-17,0,142,0.71,100,6,0,0,0,7,3,3,0,0,4,4,1,13,3,3,1,4,0,0,21,3,1,0,1,4,2,2,0,8,2,2,0,14,5,5,0,31,12,12,2
412,5166,2016-03-01,1,188,0.94,100,5,1,1,0,10,0,0,0,0,1,1,1,15,1,1,1,4,0,0,1,4,0,0,1,6,0,0,0,10,0,0,0,18,1,1,0,40,3,3,1
413,5172,2016-03-11,0,178,0.89,100,5,1,1,0,9,1,1,0,0,4,4,2,14,2,2,1,4,0,0,7,3,1,0,1,5,1,1,0,10,0,0,0,19,0,0,0,43,0,0,1
414,5179,2016-02-22,1,182,0.91,100,6,0,0,0,7,3,3,0,0,3,3,1,15,1,1,1,4,0,0,3,4,0,0,1,4,2,2,0,10,0,0,0,19,0,0,0,41,2,2,1
415,5183,2016-03-17,0,184,0.92,100,6,0,0,0,8,2,2,0,0,3,3,1,15,1,1,1,4,0,0,1,3,1,0,1,6,0,0,0,8,2,2,0,19,0,0,0,41,2,2,1
416,5184,2016-03-20,1,143,0.715,100,6,0,0,0,6,4,4,0,0,4,4,2,12,4,4,3,4,0,0,26,3,1,0,1,2,4,4,0,10,0,0,0,18,1,1,0,37,6,6,1
417,5188,2016-03-30,1,163,0.815,100,6,0,0,0,6,4,4,0,0,2,2,1,14,2,2,4,4,0,0,8,4,0,0,1,5,1,1,0,6,4,4,0,14,5,5,0,39,4,4,1
418,5189,2016-03-17,0,156,0.78,100,6,0,0,0,4,6,6,0,0,4,4,1,14,2,2,2,4,0,0,16,3,1,0,1,6,0,0,0,9,1,1,0,18,1,1,0,38,5,5,4
419,5191,2016-02-22,0,129,0.645,100,4,2,2,0,7,3,3,0,0,4,4,1,8,8,8,1,2,2,2,1,3,1,0,1,3,3,3,0,0,10,10,0,13,6,6,0,16,27,27,1
420,5194,2016-02-25,0,171,0.855,100,2,4,4,0,5,5,5,0,0,4,4,1,0,0,1,1,3,1,1,7,3,1,0,1,5,1,1,0,10,0,0,0,18,1,1,0,43,0,0,1
421,5196,2016-02-22,0,174,0.87,100,5,1,1,0,8,2,2,0,0,4,4,1,16,0,0,3,4,0,0,1,4,0,0,1,4,2,2,0,9,1,1,0,18,1,1,0,35,8,8,1
422,5199,2016-03-20,0,161,0.805,100,6,0,0,0,9,1,1,0,0,2,2,1,16,0,0,1,4,0,0,22,4,0,0,1,6,0,0,0,6,4,4,0,18,1,1,0,39,4,4,2
423,5203,2016-02-25,0,132,0.66,100,3,3,3,0,6,4,4,0,0,4,4,12,15,1,1,5,4,0,0,30,4,0,0,1,4,2,2,0,10,0,0,0,18,1,1,0,39,4,4,1
424,5209,2016-03-08,0,166,0.83,100,4,2,2,0,8,2,2,0,0,1,1,1,15,1,1,1,4,0,0,5,4,0,0,3,5,1,1,0,6,4,4,0,18,1,1,0,39,4,4,8
425,5211,2016-02-22,1,192,0.96,100,6,0,0,0,9,1,1,0,0,0,0,1,16,0,0,1,4,0,0,1,4,0,0,1,6,0,0,0,10,0,0,0,18,1,1,0,42,1,1,1
426,5217,2016-03-29,0,153,0.765,100,5,1,1,0,6,4,4,0,0,2,2,1,13,3,3,1,3,1,1,8,2,2,0,1,2,4,4,0,8,2,2,0,15,4,4,0,31,12,12,1
427,5224,2016-03-01,0,186,0.93,100,5,1,1,0,8,2,2,0,0,0,0,1,15,1,1,1,4,0,0,1,4,0,0,1,6,0,0,0,10,0,0,0,16,3,3,0,41,2,2,1
428,5225,2016-03-17,0,184,0.92,100,5,1,1,0,9,1,1,0,0,1,1,1,14,2,2,1,4,0,0,2,4,0,0,1,6,0,0,0,9,1,1,0,18,1,1,0,40,3,3,1
429,5230,2016-03-08,1,184,0.92,100,5,1,1,0,8,2,2,0,0,0,0,1,14,2,2,2,4,0,0,1,4,0,0,2,5,1,1,0,10,0,0,0,19,0,0,0,40,3,3,1
430,5231,2016-02-25,0,171,0.855,100,4,2,2,0,7,3,3,0,0,4,4,1,15,1,1,1,4,0,0,3,3,1,0,2,5,1,1,0,8,2,2,0,16,3,3,0,41,2,2,3
431,5235,2016-02-22,0,151,0.755,100,3,3,3,0,4,6,6,0,0,2,2,2,11,5,5,1,4,0,0,2,4,0,0,1,1,5,5,0,7,3,3,0,16,3,3,0,28,15,15,1
432,5237,2016-03-17,0,176,0.88,100,5,1,1,0,8,2,2,0,0,2,2,1,15,1,1,3,4,0,0,5,3,1,0,1,6,0,0,0,10,0,0,0,17,2,2,0,39,4,4,1
433,5242,2016-03-08,0,169,0.845,100,5,1,1,0,6,4,4,0,0,2,2,1,15,1,1,1,4,0,0,5,3,1,0,1,3,3,3,0,7,3,3,0,16,3,3,0,39,4,4,1
434,5247,2016-02-22,1,181,0.905,100,4,2,2,0,9,1,1,0,0,3,3,2,15,1,1,1,4,0,0,1,4,0,0,1,5,1,1,0,8,2,2,0,18,1,1,0,41,2,2,1
435,5253,2016-03-29,1,185,0.925,100,6,0,0,0,9,1,1,0,0,2,2,3,15,1,1,1,4,0,0,1,4,0,0,1,6,0,0,0,10,0,0,0,18,1,1,0,40,3,3,1
436,5256,2016-03-17,0,169,0.845,100,5,1,1,0,6,4,4,0,0,0,0,1,13,3,3,1,4,0,0,1,4,0,0,1,1,5,5,0,9,1,1,0,14,5,5,0,36,7,7,1
437,5260,2016-03-17,0,151,0.755,100,3,3,3,0,7,3,3,0,0,4,4,2,7,9,9,2,3,1,1,2,4,0,0,2,3,3,3,0,6,4,4,0,12,7,7,0,37,6,6,1
438,5370,2015-12-29,1,182,0.91,100,6,0,0,0,7,3,3,0,0,2,2,1,15,1,1,1,4,0,0,1,4,0,0,1,4,2,2,0,8,2,2,0,18,1,1,0,41,2,2,1
439,5376,2015-12-29,1,184,0.92,100,6,0,0,0,8,2,2,0,0,2,2,1,13,3,3,1,4,0,0,1,4,0,0,1,5,1,1,0,10,0,0,0,17,2,2,0,42,1,1,1
440,5472,2015-12-29,1,178,0.89,100,6,0,0,0,7,3,3,0,0,1,1,1,14,2,2,1,4,0,0,1,4,0,0,10,6,0,0,0,10,0,0,0,19,0,0,0,41,2,2,1
441,5473,2015-12-29,0,174,0.87,100,5,1,1,0,9,1,1,0,0,2,2,1,16,0,0,1,4,0,0,10,4,0,0,1,6,0,0,0,7,3,3,0,16,3,3,0,41,2,2,1
442,5483,2015-12-29,1,180,0.9,100,6,0,0,0,8,2,2,0,0,3,3,1,15,1,1,1,4,0,0,6,4,0,0,2,6,0,0,0,8,2,2,0,18,1,1,0,43,0,0,1
443,5490,2016-01-04,0,167,0.835,100,5,1,1,0,6,4,4,0,0,0,0,1,13,3,3,2,4,0,0,5,4,0,0,1,2,4,4,0,6,4,4,0,16,3,3,0,39,4,4,1
444,5493,2015-12-29,0,161,0.805,100,5,1,1,0,9,1,1,0,0,0,0,2,15,1,1,3,4,0,0,19,4,0,0,1,5,1,1,0,8,2,2,0,19,0,0,0,38,5,5,3
445,5547,2015-12-29,0,135,0.675,100,5,1,1,0,5,5,5,0,0,2,2,5,15,1,1,1,4,0,0,36,3,1,0,1,4,2,2,0,6,4,4,0,18,1,1,0,39,4,4,1
446,5552,2015-12-29,1,187,0.935,100,6,0,0,0,9,1,1,0,0,1,1,2,14,2,2,1,4,0,0,1,4,0,0,1,4,2,2,0,10,0,0,0,18,1,1,0,43,0,0,1
447,5560,2016-01-04,0,176,0.88,100,4,2,2,0,6,4,4,0,0,2,2,2,16,0,0,5,4,0,0,1,4,0,0,1,6,0,0,0,7,3,3,0,18,1,1,0,41,2,2,1
448,5562,2015-12-30,0,179,0.895,100,4,2,2,0,7,3,3,0,0,1,1,1,13,3,3,1,4,0,0,1,3,1,0,1,5,1,1,0,10,0,0,0,17,2,2,0,40,3,3,1
449,5572,2015-12-29,0,166,0.83,100,4,2,2,0,8,2,2,0,0,3,3,1,10,6,6,1,4,0,0,1,3,1,0,1,4,2,2,0,7,3,3,0,16,3,3,0,36,7,7,1
450,5574,2015-12-29,1,180,0.9,100,4,2,2,0,6,4,4,0,0,0,0,2,14,2,2,1,4,0,0,1,4,0,0,1,3,3,3,0,9,1,1,0,18,1,1,0,42,1,1,1
451,5577,2016-01-06,0,146,0.73,100,6,0,0,0,7,3,3,0,0,2,2,6,14,2,2,27,4,0,0,2,3,1,0,1,4,2,2,0,8,2,2,0,18,1,1,0,39,4,4,1
452,5583,2016-01-06,0,175,0.875,100,4,2,2,0,9,1,1,0,0,0,0,1,11,5,5,1,3,1,1,1,4,0,0,1,3,3,3,0,6,4,4,0,15,4,4,0,43,0,0,1
453,5588,2015-12-29,0,171,0.855,100,6,0,0,0,5,5,5,0,0,3,3,2,13,3,3,1,3,1,1,1,2,2,0,1,6,0,0,0,6,4,4,0,15,4,4,0,42,1,1,1
454,5589,2015-12-29,0,153,0.765,100,4,2,2,0,9,1,1,0,0,0,0,1,15,1,1,1,4,0,0,33,4,0,0,3,5,1,1,0,9,1,1,0,19,0,0,0,41,2,2,1
455,5590,2015-12-29,0,162,0.81,100,5,1,1,0,7,3,3,0,0,3,3,5,14,2,2,3,4,0,0,9,4,0,0,1,4,2,2,0,6,4,4,0,18,1,1,0,40,3,3,1
456,5591,2015-12-29,0,178,0.89,100,4,2,2,0,9,1,1,0,0,2,2,1,14,2,2,1,4,0,0,1,4,0,0,1,5,1,1,0,5,5,5,0,18,1,1,0,40,3,3,1
457,5592,2016-01-06,1,189,0.945,100,6,0,0,0,9,1,1,0,0,1,1,1,14,2,2,1,4,0,0,1,4,0,0,1,4,2,2,0,10,0,0,0,19,0,0,0,43,0,0,1
458,5595,2016-01-04,1,165,0.825,100,3,3,3,0,6,4,4,0,0,3,3,2,15,1,1,1,4,0,0,1,4,0,0,1,4,2,2,0,8,2,2,0,14,5,5,0,34,9,9,1
459,5598,2016-01-07,0,178,0.89,100,6,0,0,0,7,3,3,0,0,2,2,1,14,2,2,1,4,0,0,1,4,0,0,1,5,1,1,0,6,4,4,0,17,2,2,0,40,3,3,1
460,5599,2015-12-29,0,170,0.85,100,5,1,1,0,6,4,4,0,0,3,3,1,12,4,4,2,4,0,0,2,4,0,0,1,4,2,2,0,8,2,2,0,17,2,2,0,38,5,5,1
461,5600,2015-12-29,0,144,0.72,100,5,1,1,0,7,3,3,0,0,3,3,1,12,4,4,1,3,1,1,2,3,1,0,1,2,4,4,0,6,4,4,0,16,3,3,0,22,21,21,6
462,5601,2015-12-29,0,183,0.915,100,6,0,0,0,9,1,1,0,0,4,4,2,15,1,1,1,4,0,0,1,4,0,0,1,6,0,0,0,8,2,2,0,17,2,2,0,42,1,1,1
463,5602,2015-12-29,0,168,0.84,100,5,1,1,0,8,2,2,0,0,3,3,1,13,3,3,1,4,0,0,11,4,0,0,1,3,3,3,0,9,1,1,0,17,2,2,0,41,2,2,1
464,5606,2016-01-04,0,170,0.85,100,5,1,1,0,6,4,4,0,0,1,1,5,15,1,1,3,4,0,0,1,3,1,0,1,3,3,3,0,8,2,2,0,17,2,2,0,39,4,4,1
465,5609,2015-12-29,0,168,0.84,100,6,0,0,0,7,3,3,0,0,4,4,1,12,4,4,1,3,1,1,9,4,0,0,1,4,2,2,0,9,1,1,0,18,1,1,0,40,3,3,1
466,5611,2015-12-29,0,174,0.87,100,5,1,1,0,5,5,5,0,0,3,3,1,15,1,1,1,4,0,0,4,4,0,0,1,5,1,1,0,9,1,1,0,17,2,2,0,39,4,4,1
467,5612,2015-12-30,0,158,0.79,100,3,3,3,0,7,3,3,0,0,4,4,1,9,7,7,2,3,1,1,4,4,0,0,1,4,2,2,0,8,2,2,0,17,2,2,0,34,9,9,1
468,5615,2016-01-04,0,181,0.905,100,6,0,0,0,8,2,2,0,0,2,2,1,13,3,3,1,4,0,0,1,3,1,0,2,6,0,0,0,8,2,2,0,19,0,0,0,40,3,3,1
469,5616,2016-01-04,0,172,0.86,100,3,3,3,0,4,6,6,0,0,0,0,1,13,3,3,1,4,0,0,1,3,1,0,1,6,0,0,0,7,3,3,0,16,3,3,0,39,4,4,1
470,5618,2015-12-29,0,170,0.85,100,4,2,2,0,9,1,1,0,0,0,0,1,10,6,6,1,4,0,0,3,3,1,0,1,5,1,1,0,5,5,5,0,15,4,4,0,40,3,3,1
471,5619,2015-12-29,1,177,0.885,100,6,0,0,0,8,2,2,0,0,1,1,2,13,3,3,1,4,0,0,1,4,0,0,1,2,4,4,0,10,0,0,0,17,2,2,0,38,5,5,1
472,5620,2015-12-29,0,180,0.9,100,6,0,0,0,7,3,3,0,0,2,2,2,14,2,2,1,4,0,0,3,4,0,0,1,5,1,1,0,9,1,1,0,17,2,2,0,42,1,1,1
473,5636,2015-12-29,0,160,0.8,100,5,1,1,0,5,5,5,0,0,4,4,1,13,3,3,1,4,0,0,17,3,1,0,1,6,0,0,0,10,0,0,0,19,0,0,0,38,5,5,1
474,5637,2015-12-29,0,144,0.72,100,6,0,0,0,8,2,2,0,0,2,2,1,13,3,3,1,3,1,1,37,4,0,0,1,6,0,0,0,8,2,2,0,17,2,2,0,40,3,3,1
475,5638,2015-12-29,1,174,0.87,100,6,0,0,0,8,2,2,0,0,4,4,6,16,0,0,5,4,0,0,1,4,0,0,1,5,1,1,0,10,0,0,0,18,1,1,0,39,4,4,1
476,5639,2015-12-29,0,173,0.865,100,5,1,1,0,7,3,3,0,0,4,4,2,14,2,2,1,4,0,0,6,4,0,0,1,4,2,2,0,10,0,0,0,19,0,0,0,39,4,4,1
477,5640,2015-12-29,0,163,0.815,100,4,2,2,0,5,5,5,0,0,2,2,1,15,1,1,1,4,0,0,1,4,0,0,1,5,1,1,0,6,4,4,0,15,4,4,0,30,13,13,1
478,5641,2015-12-29,0,179,0.895,100,5,1,1,0,9,1,1,0,0,0,0,2,14,2,2,1,4,0,0,7,4,0,0,2,4,2,2,0,9,1,1,0,19,0,0,0,43,0,0,2
479,5642,2016-01-04,0,184,0.92,100,5,1,1,0,7,3,3,0,0,2,2,1,14,2,2,1,4,0,0,1,4,0,0,1,6,0,0,0,9,1,1,0,19,0,0,0,41,2,2,1
480,5643,2015-12-29,0,168,0.84,100,5,1,1,0,6,4,4,0,0,4,4,1,10,6,6,1,4,0,0,1,3,1,0,1,5,1,1,0,7,3,3,0,18,1,1,0,37,6,6,1
481,5644,2015-12-29,0,188,0.94,100,5,1,1,0,7,3,3,0,0,0,0,1,14,2,2,1,4,0,0,1,4,0,0,1,6,0,0,0,9,1,1,0,19,0,0,0,43,0,0,1
482,5646,2016-01-06,0,160,0.8,100,4,2,2,0,6,4,4,0,0,4,4,1,8,8,8,1,3,1,1,1,4,0,0,1,6,0,0,0,6,4,4,0,15,4,4,0,35,8,8,1
483,5647,2015-12-29,0,159,0.795,100,4,2,2,0,4,6,6,0,0,3,3,1,15,1,1,1,4,0,0,15,3,1,0,1,6,0,0,0,9,1,1,0,17,2,2,0,37,6,6,1
484,5648,2015-12-29,1,182,0.91,100,6,0,0,0,8,2,2,0,0,0,0,1,15,1,1,1,4,0,0,1,4,0,0,1,4,2,2,0,7,3,3,0,18,1,1,0,39,4,4,1
485,5649,2015-12-30,1,186,0.93,100,5,1,1,0,8,2,2,0,0,0,0,2,14,2,2,1,4,0,0,1,3,1,0,1,6,0,0,0,9,1,1,0,19,0,0,0,42,1,1,1
486,5650,2015-12-29,0,159,0.795,100,4,2,2,0,7,3,3,0,0,2,2,1,12,4,4,1,4,0,0,13,3,1,0,1,5,1,1,0,7,3,3,0,16,3,3,0,38,5,5,1
487,5651,2015-12-29,0,168,0.84,100,5,1,1,0,7,3,3,0,0,3,3,1,15,1,1,1,4,0,0,1,4,0,0,1,0,6,6,0,10,0,0,0,17,2,2,0,33,10,10,2
488,5652,2016-01-06,0,187,0.935,100,6,0,0,0,6,4,4,0,0,0,0,1,15,1,1,1,4,0,0,1,4,0,0,1,5,1,1,0,10,0,0,0,17,2,2,0,43,0,0,1
489,5653,2016-01-04,0,162,0.81,100,6,0,0,0,7,3,3,0,0,1,1,1,12,4,4,1,4,0,0,1,4,0,0,2,5,1,1,0,8,2,2,0,15,4,4,0,26,17,17,1
490,5654,2015-12-29,0,137,0.685,100,6,0,0,0,7,3,3,0,0,4,4,1,6,10,10,1,4,0,0,5,3,1,0,1,3,3,3,0,5,5,5,0,14,5,5,0,20,23,23,1
491,5655,2016-01-04,1,191,0.955,100,5,1,1,0,8,2,2,0,0,0,0,1,16,0,0,1,4,0,0,1,4,0,0,1,6,0,0,0,10,0,0,0,19,0,0,0,42,1,1,1
492,5656,2015-12-29,0,116,0.58,100,5,1,1,0,6,4,4,0,0,2,2,5,13,3,3,1,4,0,0,51,3,1,0,1,4,2,2,0,8,2,2,0,15,4,4,0,37,6,6,1
493,5657,2015-12-29,0,177,0.885,100,5,1,1,0,6,4,4,0,0,2,2,1,14,2,2,1,4,0,0,1,4,0,0,1,5,1,1,0,7,3,3,0,17,2,2,0,40,3,3,1
494,5659,2016-01-07,0,160,0.8,100,4,2,2,0,4,6,6,0,0,4,4,1,9,7,7,1,4,0,0,1,4,0,0,1,3,3,3,0,7,3,3,0,15,4,4,0,37,6,6,1
495,5660,2016-01-04,0,166,0.83,100,4,2,2,0,7,3,3,0,0,1,1,1,12,4,4,1,4,0,0,1,2,2,0,1,4,2,2,0,8,2,2,0,17,2,2,0,35,8,8,4
496,5661,2016-01-06,0,177,0.885,100,6,0,0,0,3,7,7,0,0,2,2,1,16,0,0,1,4,0,0,1,4,0,0,1,5,1,1,0,6,4,4,0,16,3,3,0,42,1,1,1
497,5662,2015-12-29,0,161,0.805,100,3,3,3,0,7,3,3,0,0,4,4,3,11,5,5,2,4,0,0,1,2,2,0,1,3,3,3,0,7,3,3,0,15,4,4,0,39,4,4,1
498,5963,2016-02-19,0,136,0.68,100,2,4,4,0,4,6,6,0,0,5,5,2,6,10,10,1,1,3,3,1,1,3,0,1,1,5,5,0,7,3,3,0,11,8,8,0,32,11,11,1
499,5965,2016-02-19,1,183,0.915,100,4,2,2,0,9,1,1,0,0,2,2,1,13,3,3,1,4,0,0,1,4,0,0,2,6,0,0,0,9,1,1,0,19,0,0,0,41,2,2,1
500,6000,2016-02-19,0,186,0.93,100,6,0,0,0,10,0,0,0,0,2,2,1,14,2,2,1,4,0,0,1,4,0,0,1,5,1,1,0,8,2,2,0,19,0,0,0,41,2,2,1
501,6001,2016-02-19,1,167,0.835,100,5,1,1,0,6,4,4,0,0,3,3,1,11,5,5,1,4,0,0,1,4,0,0,1,4,2,2,0,5,5,5,0,16,3,3,0,38,5,5,1
502,6003,2016-02-19,1,177,0.885,100,6,0,0,0,10,0,0,0,0,0,0,1,15,1,1,12,3,1,1,1,4,0,0,1,5,1,1,0,8,2,2,0,19,0,0,0,41,2,2,1
503,6005,2016-02-19,0,159,0.795,100,2,4,4,0,9,1,1,0,0,0,0,1,14,2,2,1,4,0,0,16,3,1,0,2,4,2,2,0,7,3,3,0,16,3,3,0,39,4,4,1
504,6013,2016-02-19,0,187,0.935,100,6,0,0,0,8,2,2,0,0,2,2,1,15,1,1,1,4,0,0,3,4,0,0,1,5,1,1,0,10,0,0,0,19,0,0,0,43,0,0,1
505,6014,2016-02-19,1,172,0.86,100,5,1,1,0,5,5,5,0,0,3,3,1,14,2,2,1,4,0,0,2,4,0,0,2,3,3,3,0,8,2,2,0,18,1,1,0,39,4,4,1
506,6024,2016-02-19,1,180,0.9,100,6,0,0,0,7,3,3,0,0,3,3,1,16,0,0,1,4,0,0,1,4,0,0,1,3,3,3,0,8,2,2,0,19,0,0,0,39,4,4,1
507,6025,2016-02-19,0,168,0.84,100,5,1,1,0,4,6,6,0,0,4,4,1,12,4,4,1,4,0,0,2,4,0,0,2,4,2,2,0,8,2,2,0,16,3,3,0,42,1,1,3
508,6026,2016-02-19,0,182,0.91,100,5,1,1,0,9,1,1,0,0,2,2,1,16,0,0,1,4,0,0,1,4,0,0,1,4,2,2,0,6,4,4,0,18,1,1,0,41,2,2,1
509,6041,2016-02-19,0,179,0.895,100,5,1,1,0,6,4,4,0,0,0,0,1,14,2,2,1,4,0,0,1,4,0,0,1,5,1,1,0,9,1,1,0,16,3,3,0,39,4,4,1
510,6045,2016-02-29,0,178,0.89,100,5,1,1,0,8,2,2,0,0,1,1,1,16,0,0,1,4,0,0,9,4,0,0,1,6,0,0,0,9,1,1,0,18,1,1,0,40,3,3,1
511,6046,2016-02-19,0,161,0.805,100,5,1,1,0,8,2,2,0,0,3,3,1,10,6,6,1,4,0,0,1,4,0,0,1,3,3,3,0,7,3,3,0,16,3,3,0,30,13,13,1
512,6049,2016-02-19,0,186,0.93,100,6,0,0,0,8,2,2,0,0,0,0,1,14,2,2,1,4,0,0,1,4,0,0,1,6,0,0,0,10,0,0,0,17,2,2,0,40,3,3,1
513,6060,2016-02-19,0,164,0.82,100,5,1,1,0,5,5,5,0,0,3,3,2,12,4,4,2,3,1,1,1,4,0,0,1,3,3,3,0,7,3,3,0,16,3,3,0,37,6,6,1
514,6061,2016-02-19,0,179,0.895,100,5,1,1,0,7,3,3,0,0,4,4,1,16,0,0,1,4,0,0,1,4,0,0,1,5,1,1,0,9,1,1,0,17,2,2,0,39,4,4,1
515,6064,2016-02-19,0,181,0.905,100,5,1,1,0,6,4,4,0,0,1,1,1,14,2,2,1,4,0,0,1,4,0,0,1,4,2,2,0,9,1,1,0,19,0,0,0,40,3,3,1
516,6065,2016-02-29,0,171,0.855,100,4,2,2,0,3,7,7,0,0,2,2,1,13,3,3,6,4,0,0,2,4,0,0,1,5,1,1,0,9,1,1,0,18,1,1,0,42,1,1,1
517,6110,2016-02-29,0,168,0.84,100,4,2,2,0,6,4,4,0,0,2,2,1,15,1,1,1,4,0,0,4,3,1,0,1,4,2,2,0,6,4,4,0,14,5,5,0,40,3,3,1
518,6123,2016-02-19,0,182,0.91,100,6,0,0,0,5,5,5,0,0,2,2,1,16,0,0,1,4,0,0,1,3,1,0,1,4,2,2,0,10,0,0,0,18,1,1,0,41,2,2,1
519,6133,2016-02-29,0,167,0.835,100,5,1,1,0,7,3,3,0,0,5,5,1,13,3,3,1,3,1,1,1,3,1,0,1,5,1,1,0,6,4,4,0,18,1,1,0,35,8,8,1
520,6135,2016-02-29,0,166,0.83,100,6,0,0,0,10,0,0,0,0,1,1,1,15,1,1,1,4,0,0,21,4,0,0,1,5,1,1,0,10,0,0,0,17,2,2,0,39,4,4,1
521,6137,2016-02-29,1,182,0.91,100,5,1,1,0,5,5,5,0,0,0,0,1,15,1,1,1,4,0,0,1,4,0,0,1,6,0,0,0,9,1,1,0,16,3,3,0,41,2,2,1
522,6140,2016-02-19,0,166,0.83,100,5,1,1,0,6,4,4,0,0,0,0,1,12,4,4,1,4,0,0,1,4,0,0,1,2,4,4,0,7,3,3,0,16,3,3,0,34,9,9,2
523,6141,2016-02-19,0,177,0.885,100,4,2,2,0,8,2,2,0,0,2,2,2,12,4,4,1,4,0,0,2,4,0,0,1,5,1,1,0,8,2,2,0,17,2,2,0,42,1,1,1
524,6142,2016-02-29,0,182,0.91,100,5,1,1,0,8,2,2,0,0,1,1,1,14,2,2,1,4,0,0,1,4,0,0,1,4,2,2,0,8,2,2,0,19,0,0,0,40,3,3,1
525,6144,2016-02-19,0,179,0.895,100,5,1,1,0,10,0,0,0,0,0,0,1,16,0,0,1,3,1,1,1,4,0,0,1,3,3,3,0,10,0,0,0,18,1,1,0,33,10,10,1
526,6146,2016-02-29,0,172,0.86,100,4,2,2,0,9,1,1,0,0,1,1,1,15,1,1,1,4,0,0,2,4,0,0,1,2,4,4,0,6,4,4,0,15,4,4,0,38,5,5,1
527,6147,2016-02-19,0,171,0.855,100,6,0,0,0,8,2,2,0,0,5,5,1,14,2,2,1,4,0,0,1,4,0,0,1,4,2,2,0,8,2,2,0,17,2,2,0,35,8,8,2
528,6149,2016-02-19,0,179,0.895,100,6,0,0,0,8,2,2,0,0,2,2,4,16,0,0,2,3,1,1,1,4,0,0,4,4,2,2,0,10,0,0,0,17,2,2,0,43,0,0,1
529,6155,2016-02-19,0,156,0.78,100,3,3,3,0,8,2,2,0,0,0,0,1,13,3,3,1,4,0,0,7,4,0,0,1,2,4,4,0,6,4,4,0,14,5,5,0,31,12,12,1
530,6161,2016-02-19,0,168,0.84,100,4,2,2,0,4,6,6,0,0,3,3,1,12,4,4,1,4,0,0,1,4,0,0,1,6,0,0,0,10,0,0,0,18,1,1,0,32,11,11,1
531,6255,2016-03-25,0,184,0.92,100,5,1,1,0,8,2,2,0,0,2,2,1,16,0,0,1,4,0,0,2,3,1,0,1,5,1,1,0,10,0,0,0,19,0,0,0,40,3,3,1
532,6256,2016-03-21,0,169,0.845,100,5,1,1,0,9,1,1,0,0,1,1,2,10,6,6,1,4,0,0,3,4,0,0,1,3,3,3,0,7,3,3,0,16,3,3,0,40,3,3,3
533,6266,2016-03-21,0,183,0.915,100,5,1,1,0,9,1,1,0,0,1,1,3,15,1,1,1,4,0,0,1,4,0,0,1,5,1,1,0,7,3,3,0,19,0,0,0,41,2,2,1
534,6297,2016-03-21,0,165,0.825,100,6,0,0,0,9,1,1,0,0,3,3,3,12,4,4,1,4,0,0,3,3,1,0,1,4,2,2,0,8,2,2,0,17,2,2,0,34,9,9,3
535,6639,2016-02-19,0,190,0.95,100,6,0,0,0,9,1,1,0,0,3,3,1,16,0,0,1,4,0,0,1,4,0,0,1,6,0,0,0,10,0,0,0,19,0,0,0,42,1,1,1
536,6839,2015-12-29,0,174,0.87,100,8,0,0,0,7,3,3,1,0,2,2,1,7,3,3,1,5,2,2,1,3,2,0,2,4,1,1,0,6,3,3,0,14,0,0,0,25,3,3,1
537,6855,2016-07-11,0,157,0.785,100,7,1,1,0,9,1,1,1,0,0,0,21,7,3,3,1,7,0,0,3,5,0,0,1,4,1,1,0,7,2,2,0,14,0,0,0,24,4,4,4
538,6868,2016-05-16,0,175,0.875,100,8,0,0,0,8,2,2,1,0,1,1,5,8,2,2,1,7,0,0,1,3,2,0,1,5,0,0,0,7,2,2,0,13,1,1,0,24,4,4,2
539,6869,2016-08-29,0,140,0.7,100,8,0,0,0,9,1,1,3,0,0,0,40,8,2,2,1,6,1,1,1,3,2,0,1,4,1,1,0,9,0,0,0,13,1,1,0,25,3,3,3
540,6871,2016-04-11,0,173,0.865,100,7,1,1,0,9,1,1,10,0,3,3,1,8,2,2,1,7,0,0,1,4,1,0,1,5,0,0,0,8,1,1,0,14,0,0,0,25,3,3,1
541,6872,2016-08-29,0,168,0.84,100,8,0,0,0,7,3,3,1,0,3,3,1,6,4,4,1,5,2,2,1,2,3,0,1,5,0,0,0,8,1,1,0,13,1,1,0,26,2,2,8
542,6875,2016-02-19,0,178,0.89,100,7,1,1,0,7,3,3,1,0,2,2,1,7,3,3,1,7,0,0,1,3,2,0,1,5,0,0,0,9,0,0,0,13,1,1,0,24,4,4,1
543,6876,2016-09-02,0,160,0.8,100,6,2,2,0,6,4,4,1,0,5,5,1,3,7,7,1,5,2,2,1,4,1,0,1,5,0,0,0,3,6,6,0,11,3,3,0,24,4,4,1
544,6879,2016-07-11,0,169,0.845,100,7,1,1,0,6,4,4,1,0,2,2,1,7,3,3,1,7,0,0,2,2,3,0,1,3,2,2,0,8,1,1,0,12,2,2,0,22,6,6,1
545,6881,2016-08-29,0,176,0.88,100,7,1,1,0,9,1,1,1,0,0,0,1,6,4,4,1,7,0,0,1,3,2,0,1,4,1,1,0,8,1,1,0,13,1,1,0,23,5,5,3
546,6882,2015-12-29,0,165,0.825,100,7,1,1,0,7,3,3,1,0,4,4,1,4,6,6,1,5,2,2,1,3,2,0,1,4,1,1,0,7,2,2,0,14,0,0,0,20,8,8,1
547,6883,2016-05-05,0,176,0.88,100,8,0,0,0,9,1,1,1,0,0,0,1,6,4,4,1,7,0,0,1,3,2,0,1,5,0,0,0,6,3,3,0,12,2,2,0,23,5,5,2
548,6884,2016-05-16,0,158,0.79,100,7,1,1,0,5,5,5,1,0,4,4,1,4,6,6,1,6,1,1,1,2,3,0,1,2,3,3,0,5,4,4,0,8,6,6,0,25,3,3,1
549,6885,2015-12-29,0,160,0.8,100,7,1,1,0,5,5,5,1,0,4,4,1,4,6,6,1,3,4,4,1,4,1,0,1,2,3,3,0,6,3,3,0,11,3,3,0,24,4,4,1
550,6886,2016-03-21,1,153,0.765,100,7,1,1,0,3,7,7,1,0,5,5,1,4,6,6,1,6,1,1,1,2,3,0,1,3,2,2,0,4,5,5,0,9,5,5,0,22,6,6,1
551,6887,2016-09-05,0,111,0.555,100,8,0,0,0,4,6,6,1,0,3,3,32,6,4,4,16,7,0,0,1,2,3,0,1,4,1,1,0,5,4,4,0,13,1,1,0,23,5,5,11
552,6888,2016-08-29,0,177,0.885,100,8,0,0,0,8,2,2,1,0,3,3,2,6,4,4,1,7,0,0,2,5,0,0,1,4,1,1,0,8,1,1,0,12,2,2,0,26,2,2,1
553,6890,2015-12-29,1,178,0.89,100,8,0,0,0,9,1,1,1,0,0,0,1,6,4,4,1,7,0,0,1,3,2,0,1,5,0,0,0,6,3,3,0,13,1,1,0,23,5,5,1
554,6892,2016-08-29,0,167,0.835,100,8,0,0,0,8,2,2,2,0,1,1,1,8,2,2,1,6,1,1,1,3,2,0,1,5,0,0,0,7,2,2,0,14,0,0,0,24,4,4,13
555,6893,2016-05-16,1,169,0.845,100,8,0,0,0,6,4,4,1,0,1,1,1,5,5,5,1,6,1,1,1,3,2,0,1,3,2,2,0,6,3,3,0,12,2,2,0,24,4,4,2
556,6895,2015-12-29,0,97,0.485,100,8,0,0,0,6,4,4,1,0,3,3,70,3,7,7,2,7,0,0,1,3,2,0,1,4,1,1,0,8,1,1,0,12,2,2,0,22,6,6,2
557,6896,2016-09-05,0,161,0.805,100,7,1,1,0,7,3,3,1,0,2,2,1,3,7,7,1,6,1,1,1,4,1,0,1,3,2,2,0,6,3,3,0,10,4,4,0,19,9,9,1
558,6899,2016-07-11,0,172,0.86,100,8,0,0,0,9,1,1,1,0,0,0,1,7,3,3,3,7,0,0,1,3,2,0,1,4,1,1,0,7,2,2,0,14,0,0,0,25,3,3,9
559,6900,2016-05-04,0,165,0.825,100,7,1,1,0,8,2,2,3,0,3,3,1,7,3,3,1,7,0,0,1,4,1,0,1,5,0,0,0,7,2,2,0,14,0,0,0,26,2,2,14
560,6901,2016-08-29,0,166,0.83,100,8,0,0,0,9,1,1,1,0,1,1,7,6,4,4,1,7,0,0,1,3,2,0,1,5,0,0,0,6,3,3,0,13,1,1,0,25,3,3,8
561,6902,2016-08-29,0,139,0.695,100,8,0,0,0,7,3,3,1,0,2,2,30,8,2,2,1,5,2,2,1,5,0,0,1,3,2,2,0,6,3,3,0,14,0,0,0,22,6,6,7
562,6905,2016-05-16,0,156,0.78,100,8,0,0,0,6,4,4,2,0,1,1,20,8,2,2,1,7,0,0,1,5,0,0,1,5,0,0,0,7,2,2,0,13,1,1,0,22,6,6,3
563,6907,2015-12-29,1,146,0.73,100,7,1,1,0,5,5,5,1,0,4,4,24,7,3,3,2,7,0,0,1,4,1,0,1,5,0,0,0,8,1,1,0,12,2,2,0,21,7,7,1
564,6908,2016-08-29,0,155,0.775,100,7,1,1,0,2,8,8,1,0,3,3,1,3,7,7,1,6,1,1,1,2,3,0,1,4,1,1,0,4,5,5,0,10,4,4,0,22,6,6,1
565,6910,2016-07-11,0,145,0.725,100,8,0,0,0,7,3,3,2,0,2,2,1,6,4,4,2,6,1,1,1,4,1,0,1,5,0,0,0,5,4,4,0,12,2,2,0,25,3,3,28
566,6914,2016-07-24,0,167,0.835,100,7,1,1,0,8,2,2,1,0,1,1,1,7,3,3,7,7,0,0,1,4,1,0,4,5,0,0,0,8,1,1,0,12,2,2,0,24,4,4,4
567,6915,2016-09-02,0,163,0.815,100,8,0,0,0,7,3,3,1,0,0,0,1,5,5,5,2,7,0,0,14,3,2,0,1,4,1,1,0,6,3,3,0,14,0,0,0,25,3,3,1
568,6918,2016-02-19,0,167,0.835,100,8,0,0,0,9,1,1,2,0,3,3,1,4,6,6,1,5,2,2,1,4,1,0,1,2,3,3,0,8,1,1,0,12,2,2,0,21,7,7,1
569,6921,2016-07-11,0,165,0.825,100,7,1,1,0,8,2,2,1,0,2,2,1,7,3,3,1,7,0,0,1,3,2,0,4,3,2,2,0,8,1,1,0,11,3,3,0,22,6,6,5
570,6922,2015-12-29,0,160,0.8,100,4,4,4,0,6,4,4,1,0,3,3,1,5,5,5,1,4,3,3,1,1,4,0,1,3,2,2,0,7,2,2,0,12,2,2,0,23,5,5,1
571,6923,2016-02-19,1,169,0.845,100,6,2,2,0,7,3,3,1,0,4,4,1,5,5,5,1,6,1,1,1,4,1,0,1,5,0,0,0,5,4,4,0,11,3,3,0,26,2,2,1
572,6924,2016-09-02,0,153,0.765,100,7,1,1,0,5,5,5,1,0,1,1,1,2,8,8,6,5,2,2,6,3,2,0,1,4,1,1,0,9,0,0,0,12,2,2,0,26,2,2,8
573,6926,2016-02-19,0,176,0.88,100,8,0,0,0,7,3,3,1,0,2,2,1,7,3,3,1,6,1,1,1,2,3,0,1,4,1,1,0,6,3,3,0,13,1,1,0,27,1,1,1
574,6927,2016-09-02,0,175,0.875,100,8,0,0,0,9,1,1,4,0,1,1,1,8,2,2,1,7,0,0,1,3,2,0,1,4,1,1,0,4,5,5,0,14,0,0,0,26,2,2,3
575,6928,2015-12-29,0,163,0.815,100,7,1,1,0,9,1,1,1,0,0,0,11,7,3,3,1,5,2,2,1,1,4,0,1,4,1,1,0,8,1,1,0,13,1,1,0,25,3,3,5
576,6930,2016-07-11,0,170,0.85,100,6,2,2,0,8,2,2,1,0,3,3,1,7,3,3,1,6,1,1,1,3,2,0,1,4,1,1,0,6,3,3,0,14,0,0,0,24,4,4,4
577,6931,2016-07-11,0,173,0.865,100,6,2,2,0,7,3,3,1,0,0,0,5,10,0,0,2,7,0,0,1,3,2,0,1,3,2,2,0,7,2,2,0,13,1,1,0,24,4,4,1
578,6933,2016-07-24,0,169,0.845,100,7,1,1,0,5,5,5,2,0,2,2,1,8,2,2,2,7,0,0,1,4,1,0,1,3,2,2,0,7,2,2,0,12,2,2,0,23,5,5,2
579,6934,2016-07-11,0,169,0.845,100,8,0,0,0,5,5,5,1,0,4,4,1,7,3,3,1,7,0,0,1,4,1,0,1,5,0,0,0,7,2,2,0,14,0,0,0,24,4,4,7
580,6936,2016-07-11,0,168,0.84,100,7,1,1,0,6,4,4,1,0,4,4,2,8,2,2,2,6,1,1,1,3,2,0,1,5,0,0,0,7,2,2,0,10,4,4,0,24,4,4,1
581,6938,2016-05-20,1,115,0.575,100,8,0,0,0,8,2,2,15,0,1,1,1,8,2,2,21,6,1,1,16,3,2,0,3,3,2,2,0,7,2,2,0,13,1,1,0,24,4,4,12
582,6939,2016-02-19,0,143,0.715,100,8,0,0,0,9,1,1,1,0,1,1,34,6,4,4,2,7,0,0,1,3,2,0,1,4,1,1,0,6,3,3,0,12,2,2,0,25,3,3,1
583,6941,2016-08-29,0,141,0.705,100,5,3,3,0,2,8,8,1,0,2,2,1,4,6,6,1,5,2,2,1,2,3,0,1,2,3,3,0,4,5,5,0,8,6,6,0,13,15,15,1
584,6943,2016-02-29,1,160,0.8,100,7,1,1,0,7,3,3,1,0,4,4,1,6,4,4,1,6,1,1,1,1,4,0,1,4,1,1,0,5,4,4,0,10,4,4,0,21,7,7,2
585,6948,2016-05-06,0,165,0.825,100,8,0,0,0,6,4,4,1,0,4,4,3,8,2,2,1,7,0,0,1,3,2,0,4,3,2,2,0,6,3,3,0,12,2,2,0,23,5,5,1
586,6949,2015-12-29,0,163,0.815,100,7,1,1,0,9,1,1,1,0,2,2,2,7,3,3,12,6,1,1,1,4,1,0,1,4,1,1,0,7,2,2,0,12,2,2,0,23,5,5,1
587,6951,2016-08-29,0,165,0.825,100,6,2,2,0,4,6,6,2,0,4,4,1,7,3,3,1,6,1,1,1,3,2,0,1,4,1,1,0,7,2,2,0,13,1,1,0,22,6,6,1
588,6954,2016-05-06,0,183,0.915,100,8,0,0,0,10,0,0,1,0,1,1,1,7,3,3,1,7,0,0,1,3,2,0,1,5,0,0,0,8,1,1,0,13,1,1,0,25,3,3,1
589,6955,2016-05-06,0,175,0.875,100,8,0,0,0,5,5,5,1,0,1,1,1,8,2,2,1,6,1,1,1,4,1,0,1,5,0,0,0,6,3,3,0,13,1,1,0,23,5,5,1
590,6958,2015-12-29,0,179,0.895,100,8,0,0,0,10,0,0,1,0,1,1,1,7,3,3,1,6,1,1,1,4,1,0,1,3,2,2,0,6,3,3,0,13,1,1,0,25,3,3,1
591,6963,2016-08-29,0,174,0.87,100,7,1,1,0,7,3,3,1,0,1,1,1,7,3,3,1,7,0,0,1,1,4,0,1,4,1,1,0,7,2,2,0,11,3,3,0,26,2,2,1
592,6965,2016-05-06,0,164,0.82,100,7,1,1,0,4,6,6,1,0,1,1,1,5,5,5,1,5,2,2,2,4,1,0,5,5,0,0,0,5,4,4,0,12,2,2,0,25,3,3,1
593,6966,2016-03-22,0,174,0.87,100,8,0,0,0,9,1,1,1,0,3,3,1,6,4,4,1,7,0,0,1,3,2,0,1,4,1,1,0,9,0,0,0,13,1,1,0,24,4,4,5
594,6968,2015-12-29,0,147,0.735,100,7,1,1,0,6,4,4,1,0,2,2,18,8,2,2,7,6,1,1,1,3,2,0,1,2,3,3,0,7,2,2,0,12,2,2,0,24,4,4,2
595,6976,2016-09-03,0,173,0.865,100,8,0,0,0,7,3,3,1,0,0,0,10,8,2,2,1,7,0,0,1,4,1,0,1,4,1,1,0,7,2,2,0,14,0,0,0,26,2,2,2
596,6977,2016-08-29,0,171,0.855,100,8,0,0,0,7,3,3,1,0,2,2,1,6,4,4,1,5,2,2,1,3,2,0,1,2,3,3,0,7,2,2,0,13,1,1,0,24,4,4,1
597,6983,2016-06-02,0,173,0.865,100,8,0,0,0,8,2,2,1,0,2,2,1,6,4,4,1,5,2,2,1,4,1,0,1,3,2,2,0,6,3,3,0,12,2,2,0,25,3,3,1
598,6984,2015-12-29,0,152,0.76,100,4,4,4,0,6,4,4,2,0,2,2,1,4,6,6,1,5,2,2,3,4,1,0,1,3,2,2,0,2,7,7,0,9,5,5,0,22,6,6,1
599,6988,2016-08-29,0,177,0.885,100,8,0,0,0,8,2,2,2,0,2,2,2,7,3,3,1,7,0,0,2,4,1,0,2,4,1,1,0,8,1,1,0,14,0,0,0,25,3,3,1
600,6989,2015-12-29,0,172,0.86,100,8,0,0,0,8,2,2,3,0,2,2,3,7,3,3,1,7,0,0,1,4,1,0,1,4,1,1,0,8,1,1,0,14,0,0,0,24,4,4,5
601,6993,2016-06-21,0,176,0.88,100,8,0,0,0,9,1,1,1,0,0,0,12,9,1,1,1,7,0,0,1,4,1,0,1,5,0,0,0,8,1,1,0,14,0,0,0,25,3,3,1
602,6994,2015-12-29,0,174,0.87,100,6,2,2,0,6,4,4,1,0,1,1,1,5,5,5,1,6,1,1,1,5,0,0,1,5,0,0,0,8,1,1,0,13,1,1,0,26,2,2,4
603,6999,2016-08-29,0,164,0.82,100,6,2,2,0,7,3,3,1,0,3,3,1,5,5,5,1,5,2,2,1,2,3,0,1,5,0,0,0,7,2,2,0,10,4,4,0,22,6,6,1
604,7002,2016-02-22,0,153,0.765,100,6,2,2,0,5,5,5,1,0,4,4,1,4,6,6,3,1,6,6,1,3,2,0,1,3,2,2,0,7,2,2,0,10,4,4,0,23,5,5,2
605,7003,2016-09-08,0,182,0.91,100,8,0,0,0,8,2,2,1,0,0,0,1,8,2,2,3,6,1,1,1,3,2,0,1,5,0,0,0,8,1,1,0,14,0,0,0,26,2,2,1
606,7010,2016-09-03,0,176,0.88,100,8,0,0,0,8,2,2,1,0,3,3,1,7,3,3,1,7,0,0,1,3,2,0,1,4,1,1,0,8,1,1,0,14,0,0,0,22,6,6,1
607,7017,2016-05-07,0,160,0.8,100,6,2,2,0,7,3,3,1,0,4,4,1,6,4,4,1,6,1,1,1,2,3,0,1,2,3,3,0,4,5,5,0,13,1,1,0,23,5,5,4
608,7019,2015-12-29,0,160,0.8,100,7,1,1,0,4,6,6,1,0,3,3,1,4,6,6,1,3,4,4,1,5,0,0,1,4,1,1,0,5,4,4,0,11,3,3,0,22,6,6,1
609,7029,2015-12-29,0,177,0.885,100,8,0,0,0,7,3,3,1,0,2,2,1,6,4,4,1,7,0,0,1,2,3,0,1,4,1,1,0,8,1,1,0,13,1,1,0,26,2,2,1
610,7032,2016-08-29,0,182,0.91,100,8,0,0,0,10,0,0,1,0,1,1,4,7,3,3,1,7,0,0,1,4,1,0,1,5,0,0,0,8,1,1,0,13,1,1,0,26,2,2,1
611,7036,2016-08-29,0,163,0.815,100,6,2,2,0,7,3,3,1,0,3,3,1,6,4,4,1,7,0,0,1,4,1,0,1,4,1,1,0,4,5,5,0,9,5,5,0,22,6,6,2
612,7037,2015-12-29,0,142,0.71,100,7,1,1,0,6,4,4,2,0,1,1,1,5,5,5,1,6,1,1,7,4,1,0,1,5,0,0,0,6,3,3,0,14,0,0,0,24,4,4,26
613,7038,2016-09-16,0,168,0.84,100,8,0,0,0,6,4,4,1,0,4,4,1,6,4,4,1,6,1,1,1,3,2,0,1,4,1,1,0,6,3,3,0,14,0,0,0,22,6,6,2
614,7041,2016-05-23,0,159,0.795,100,8,0,0,0,7,3,3,1,0,3,3,19,5,5,5,1,7,0,0,1,4,1,0,1,5,0,0,0,7,2,2,0,14,0,0,0,25,3,3,1
615,7044,2016-02-22,0,166,0.83,100,6,2,2,0,5,5,5,1,0,2,2,1,5,5,5,1,6,1,1,1,4,1,0,1,2,3,3,0,5,4,4,0,14,0,0,0,23,5,5,1
616,7050,2015-12-29,0,167,0.835,100,7,1,1,0,4,6,6,1,0,3,3,1,6,4,4,1,7,0,0,1,3,2,0,1,5,0,0,0,5,4,4,0,11,3,3,0,24,4,4,1
617,7051,2015-12-29,0,174,0.87,100,7,1,1,0,7,3,3,1,0,2,2,1,8,2,2,1,6,1,1,1,5,0,0,1,4,1,1,0,5,4,4,0,13,1,1,0,23,5,5,1
618,7053,2016-01-04,0,177,0.885,100,8,0,0,0,8,2,2,1,0,2,2,1,7,3,3,1,6,1,1,1,5,0,0,1,5,0,0,0,6,3,3,0,14,0,0,0,23,5,5,2
619,7059,2016-08-29,0,172,0.86,100,7,1,1,0,8,2,2,1,0,0,0,6,6,4,4,1,7,0,0,1,5,0,0,1,5,0,0,0,7,2,2,0,13,1,1,0,24,4,4,4
620,7060,2016-08-29,0,165,0.825,100,7,1,1,0,7,3,3,1,0,3,3,1,5,5,5,1,5,2,2,1,2,3,0,1,5,0,0,0,9,0,0,0,14,0,0,0,24,4,4,9
621,7064,2016-06-23,0,166,0.83,100,8,0,0,0,6,4,4,1,0,4,4,1,7,3,3,1,6,1,1,1,1,4,0,1,4,1,1,0,6,3,3,0,12,2,2,0,22,6,6,1
622,7065,2016-08-29,0,159,0.795,100,8,0,0,0,4,6,6,1,0,3,3,1,5,5,5,3,5,2,2,1,3,2,0,1,5,0,0,0,5,4,4,0,8,6,6,0,23,5,5,1
623,7071,2016-02-25,0,176,0.88,100,8,0,0,0,7,3,3,1,0,1,1,9,7,3,3,1,7,0,0,1,3,2,0,1,5,0,0,0,9,0,0,0,14,0,0,0,27,1,1,1
624,7073,2015-12-29,0,152,0.76,100,5,3,3,0,4,6,6,1,0,3,3,1,6,4,4,2,5,2,2,1,3,2,0,1,3,2,2,0,6,3,3,0,9,5,5,0,18,10,10,2
625,7074,2016-03-28,0,176,0.88,100,8,0,0,0,8,2,2,1,0,1,1,1,8,2,2,1,6,1,1,1,5,0,0,1,3,2,2,0,6,3,3,0,13,1,1,0,22,6,6,1
626,7076,2016-06-13,0,161,0.805,100,8,0,0,0,4,6,6,7,0,3,3,2,7,3,3,1,5,2,2,1,2,3,0,1,5,0,0,0,7,2,2,0,12,2,2,0,23,5,5,1
