S/N,Joined Proctor on,Bootcamp,Score,% Score,% Completed,M1-S1 Correct,M1-S1 Wrong,M1-S1 Tries,M1-S2 Tries,M2-S1 Correct,M2-S1 Wrong,M2-S1 Tries,M2-S2 Tries,M3-S1 Correct,M3-S1 Wrong,M3-S1 Tries,M3-S2 Tries,M4-S1 Correct,M4-S1 Wrong,M4-S1 Tries,M4-S2 Tries,M5-S1 Correct,M5-S1 Wrong,M5-S1 Tries,M5-S2 Tries,M6-S1 Correct,M6-S1 Wrong,M6-S1 Tries,M6-S2 Tries,M7-S1 Correct,M7-S1 Wrong,M7-S1 Tries,M7-S2 Tries,M8-S1 Correct,M8-S1 Wrong,M8-S1 Tries,M8-S2 Tries,M9-S1 Correct,M9-S1 Wrong,M9-S1 Tries,M9-S2 Tries,M10-S1 Correct,M10-S1 Wrong,M10-S1 Tries,M10-S2 Tries
3,2015-12-29,FALSE,113,56.50%,100,1,5,5,0,3,7,7,0,0,6,6,1,6,10,10,1,1,3,3,1,1,3,0,1,2,4,4,0,6,4,4,0,9,10,10,0,13,30,30,1
2214,2015-12-29,FALSE,177,88.50%,100,5,1,1,0,7,3,3,0,0,1,1,1,12,4,4,1,4,0,0,1,4,0,0,1,5,1,1,0,6,4,4,0,17,2,2,0,41,2,2,1
2217,2015-12-29,FALSE,180,90.00%,100,6,0,0,0,7,3,3,0,0,0,0,1,12,4,4,1,4,0,0,1,4,0,0,1,5,1,1,0,6,4,4,0,17,2,2,0,42,1,1,1
2277,2015-12-29,FALSE,162,81.00%,100,4,2,2,0,5,5,5,0,0,3,3,1,8,8,8,1,3,1,1,1,4,0,0,1,1,5,5,0,7,3,3,0,16,3,3,0,40,3,3,1
2304,2015-12-29,FALSE,183,91.50%,100,6,0,0,0,9,1,1,0,0,0,0,1,15,1,1,1,4,0,0,1,4,0,0,1,3,3,3,0,7,3,3,0,18,1,1,0,40,3,3,1
2306,2015-12-29,FALSE,185,92.50%,100,4,2,2,0,9,1,1,0,0,1,1,1,15,1,1,1,4,0,0,1,3,1,0,1,6,0,0,0,9,1,1,0,18,1,1,0,41,2,2,1
2316,2015-12-29,TRUE,183,91.50%,100,5,1,1,0,8,2,2,0,0,0,0,1,16,0,0,1,4,0,0,1,4,0,0,7,5,1,1,0,10,0,0,0,19,0,0,0,41,2,2,1
2318,2015-12-29,FALSE,168,84.00%,100,3,3,3,0,10,0,0,0,0,1,1,1,9,7,7,1,0,0,1,1,4,0,0,1,2,4,4,0,6,4,4,0,17,2,2,0,38,5,5,1
2354,2015-12-29,FALSE,179,89.50%,100,5,1,1,0,8,2,2,0,0,1,1,1,14,2,2,3,4,0,0,1,4,0,0,1,6,0,0,0,7,3,3,0,15,4,4,0,42,1,1,1
2363,2015-12-29,TRUE,172,86.00%,100,5,1,1,0,7,3,3,0,0,3,3,1,15,1,1,1,4,0,0,1,4,0,0,1,6,0,0,0,6,4,4,0,15,4,4,0,36,7,7,1
2364,2015-12-29,FALSE,150,75.00%,100,4,2,2,0,9,1,1,0,0,2,2,1,16,0,0,1,4,0,0,5,3,1,0,1,3,3,3,0,10,0,0,0,17,2,2,0,40,3,3,28
2366,2015-12-29,FALSE,185,92.50%,100,6,0,0,0,9,1,1,0,0,1,1,1,15,1,1,2,4,0,0,0,4,0,0,2,4,2,2,0,8,2,2,0,19,0,0,0,41,2,2,1
2369,2015-12-29,FALSE,167,83.50%,100,3,3,3,0,6,4,4,0,0,1,1,1,11,5,5,4,4,0,0,1,4,0,0,1,3,3,3,0,8,2,2,0,14,5,5,0,41,2,2,1
2372,2015-12-29,FALSE,173,86.50%,100,5,1,1,0,8,2,2,0,0,1,1,1,13,3,3,3,4,0,0,2,3,1,0,3,4,2,2,0,7,3,3,0,16,3,3,0,42,1,1,1
2375,2015-12-29,TRUE,182,91.00%,100,5,1,1,0,6,4,4,0,0,2,2,1,14,2,2,1,4,0,0,1,4,0,0,1,5,1,1,0,9,1,1,0,19,0,0,0,41,2,2,1
2377,2015-12-29,FALSE,159,79.50%,100,5,1,1,0,6,4,4,0,0,2,2,1,11,5,5,1,4,0,0,1,3,1,0,9,3,3,3,0,6,4,4,0,16,3,3,0,38,5,5,1
2378,2015-12-29,FALSE,182,91.00%,100,5,1,1,0,7,3,3,0,0,2,2,1,16,0,0,2,4,0,0,1,4,0,0,1,5,1,1,0,8,2,2,0,18,1,1,0,41,2,2,1
2379,2015-12-29,FALSE,183,91.50%,100,5,1,1,0,7,3,3,0,0,1,1,1,16,0,0,1,4,0,0,2,4,0,0,2,5,1,1,0,8,2,2,0,18,1,1,0,42,1,1,1
2380,2015-12-29,FALSE,174,87.00%,100,5,1,1,0,8,2,2,0,0,2,2,3,16,0,0,1,3,1,1,6,4,0,0,1,5,1,1,0,7,3,3,0,17,2,2,0,41,2,2,1
2381,2015-12-29,FALSE,176,88.00%,100,5,1,1,0,8,2,2,0,0,2,2,1,16,0,0,2,3,1,1,1,4,0,0,1,2,4,4,0,8,2,2,0,17,2,2,0,41,2,2,3
2382,2015-12-29,FALSE,181,90.50%,100,5,1,1,0,8,2,2,0,0,2,2,1,16,0,0,1,3,1,1,1,4,0,0,1,4,2,2,0,8,2,2,0,17,2,2,0,41,2,2,1
2383,2015-12-29,FALSE,180,90.00%,100,5,1,1,0,8,2,2,0,0,2,2,1,14,2,2,1,3,1,1,1,4,0,0,1,4,2,2,0,8,2,2,0,17,2,2,0,42,1,1,1
2384,2015-12-29,FALSE,182,91.00%,100,5,1,1,0,8,2,2,0,0,2,2,1,16,0,0,1,3,1,1,1,4,0,0,1,4,2,2,0,8,2,2,0,17,2,2,0,42,1,1,1
2385,2015-12-29,FALSE,181,90.50%,100,5,1,1,0,8,2,2,0,0,2,2,1,16,0,0,1,3,1,1,1,4,0,0,1,3,3,3,0,8,2,2,0,17,2,2,0,42,1,1,1
2386,2015-12-29,FALSE,170,85.00%,100,6,0,0,0,9,1,1,0,0,3,3,1,12,4,4,4,4,0,0,1,4,0,0,1,3,3,3,0,8,2,2,0,14,5,5,0,39,4,4,1
2390,2015-12-29,TRUE,174,87.00%,100,4,2,2,0,7,3,3,0,0,0,0,2,13,3,3,1,4,0,0,1,2,2,0,1,5,1,1,0,10,0,0,0,16,3,3,0,37,6,6,1
2391,2015-12-29,FALSE,173,86.50%,100,6,0,0,0,6,4,4,0,0,2,2,1,16,0,0,1,4,0,0,8,4,0,0,1,4,2,2,0,9,1,1,0,19,0,0,0,38,5,5,2
2392,2015-12-29,TRUE,181,90.50%,100,5,1,1,0,9,1,1,0,0,2,2,1,14,2,2,1,4,0,0,1,4,0,0,6,4,2,2,0,10,0,0,0,18,1,1,0,43,0,0,1
2395,2015-12-29,TRUE,182,91.00%,100,5,1,1,0,8,2,2,0,0,3,3,1,16,0,0,1,4,0,0,1,2,2,0,1,4,2,2,0,10,0,0,0,19,0,0,0,40,3,3,1
2413,2015-12-29,TRUE,181,90.50%,100,3,3,3,0,5,5,5,0,0,2,2,2,16,0,0,1,4,0,0,1,4,0,0,1,6,0,0,0,9,1,1,0,19,0,0,0,41,2,2,1
2435,2015-12-29,FALSE,165,82.50%,100,2,4,4,0,7,3,3,0,0,4,4,1,13,3,3,1,4,0,0,1,4,0,0,1,5,1,1,0,5,5,5,0,16,3,3,0,37,6,6,2
2588,2015-12-29,FALSE,159,79.50%,100,4,2,2,0,5,5,5,0,0,3,3,3,14,2,2,2,4,0,0,1,3,1,0,11,5,1,1,0,9,1,1,0,12,7,7,0,42,1,1,1
2590,2015-12-29,FALSE,145,72.50%,100,4,2,2,0,6,4,4,0,0,1,1,3,13,3,3,1,3,1,1,16,4,0,0,2,3,3,3,0,6,4,4,0,14,5,5,0,34,9,9,1
2593,2015-12-29,FALSE,141,70.50%,100,3,3,3,0,7,3,3,0,0,1,1,1,10,6,6,1,3,1,1,4,4,0,0,1,2,4,4,0,5,5,5,0,13,6,6,0,32,11,11,12
2596,2015-12-29,FALSE,170,85.00%,100,5,1,1,0,7,3,3,0,0,3,3,1,14,2,2,1,4,0,0,13,4,0,0,2,6,0,0,0,9,1,1,0,17,2,2,0,43,0,0,1
2604,2015-12-29,FALSE,183,91.50%,100,4,2,2,0,8,2,2,0,0,1,1,3,16,0,0,1,4,0,0,1,4,0,0,1,5,1,1,0,8,2,2,0,18,1,1,0,42,1,1,1
2614,2015-12-29,FALSE,186,93.00%,100,6,0,0,0,10,0,0,0,0,0,0,1,15,1,1,1,4,0,0,1,3,1,0,1,3,3,3,0,7,3,3,0,18,1,1,0,43,0,0,1
2616,2015-12-29,FALSE,182,91.00%,100,5,1,1,0,9,1,1,0,0,0,0,1,15,1,1,1,4,0,0,1,4,0,0,1,3,3,3,0,6,4,4,0,17,2,2,0,43,0,0,2
2619,2015-12-29,FALSE,181,90.50%,100,3,3,3,0,7,3,3,0,0,1,1,1,15,1,1,1,3,1,1,1,4,0,0,1,5,1,1,0,9,1,1,0,19,0,0,0,40,3,3,1
2621,2016-01-04,TRUE,181,90.50%,100,4,2,2,0,9,1,1,0,0,1,1,1,14,2,2,1,4,0,0,1,3,1,0,1,4,2,2,0,9,1,1,0,18,1,1,0,40,3,3,1
2625,2015-12-29,FALSE,151,75.50%,100,5,1,1,0,9,1,1,0,0,0,0,14,15,1,1,5,4,0,0,1,4,0,0,4,3,3,3,0,6,4,4,0,18,1,1,0,43,0,0,14
2626,2015-12-29,FALSE,171,85.50%,100,4,2,2,0,7,3,3,0,0,4,4,1,15,1,1,2,4,0,0,1,3,1,0,1,6,0,0,0,9,1,1,0,19,0,0,0,33,10,10,2
2633,2015-12-29,FALSE,160,80.00%,100,2,4,4,0,6,4,4,0,0,4,4,2,11,5,5,2,4,0,0,5,4,0,0,1,5,1,1,0,7,3,3,0,17,2,2,0,41,2,2,5
2646,2015-12-29,FALSE,175,87.50%,100,5,1,1,0,9,1,1,0,0,0,0,2,15,1,1,2,4,0,0,10,4,0,0,1,5,1,1,0,7,3,3,0,19,0,0,0,43,0,0,3
2648,2015-12-29,TRUE,177,88.50%,100,3,3,3,0,7,3,3,0,0,3,3,1,11,5,5,1,4,0,0,1,4,0,0,1,5,1,1,0,9,1,1,0,18,1,1,0,42,1,1,1
2650,2015-12-29,FALSE,173,86.50%,100,5,1,1,0,8,2,2,0,0,2,2,1,13,3,3,2,4,0,0,1,4,0,0,2,3,3,3,0,8,2,2,0,17,2,2,0,38,5,5,1
2654,2015-12-29,FALSE,186,93.00%,100,5,1,1,0,8,2,2,0,0,0,0,1,14,2,2,1,4,0,0,1,4,0,0,1,5,1,1,0,7,3,3,0,19,0,0,0,43,0,0,1
2655,2015-12-29,FALSE,186,93.00%,100,6,0,0,0,8,2,2,0,0,0,0,1,14,2,2,1,4,0,0,1,4,0,0,1,5,1,1,0,7,3,3,0,18,1,1,0,43,0,0,1
2656,2015-12-29,FALSE,187,93.50%,100,6,0,0,0,9,1,1,0,0,0,0,1,14,2,2,1,4,0,0,1,4,0,0,1,5,1,1,0,7,3,3,0,19,0,0,0,42,1,1,1
2658,2015-12-29,FALSE,149,74.50%,100,3,3,3,0,2,8,8,0,0,3,3,1,12,4,4,1,1,3,3,3,4,0,0,1,2,4,4,0,4,6,6,0,13,6,6,0,36,7,7,1
2660,2015-12-29,FALSE,165,82.50%,100,3,3,3,0,8,2,2,0,0,1,1,1,14,2,2,13,4,0,0,1,4,0,0,1,3,3,3,0,5,5,5,0,19,0,0,0,41,2,2,1
2664,2015-12-29,FALSE,153,76.50%,100,3,3,3,0,9,1,1,0,0,3,3,1,11,5,5,20,4,0,0,3,3,1,0,1,6,0,0,0,8,2,2,0,17,2,2,0,39,4,4,1
2666,2016-01-04,TRUE,184,92.00%,100,6,0,0,0,8,2,2,0,0,1,1,1,16,0,0,1,4,0,0,1,4,0,0,1,6,0,0,0,10,0,0,0,17,2,2,0,37,6,6,1
2667,2015-12-29,TRUE,168,84.00%,100,4,2,2,0,7,3,3,0,0,1,1,1,13,3,3,2,3,1,1,2,4,0,0,1,3,3,3,0,5,5,5,0,17,2,2,0,38,5,5,1
2668,2015-12-29,FALSE,162,81.00%,100,5,1,1,0,8,2,2,0,0,2,2,1,12,4,4,2,4,0,0,1,3,1,0,2,3,3,3,0,5,5,5,0,13,6,6,0,36,7,7,1
2670,2015-12-29,FALSE,157,78.50%,100,5,1,1,0,8,2,2,0,0,1,1,5,14,2,2,4,3,1,1,17,4,0,0,1,5,1,1,0,9,1,1,0,19,0,0,0,37,6,6,1
2672,2015-12-29,FALSE,171,85.50%,100,3,3,3,0,8,2,2,0,0,4,4,1,13,3,3,1,2,2,2,1,4,0,0,1,6,0,0,0,8,2,2,0,17,2,2,0,37,6,6,1
2673,2015-12-29,TRUE,156,78.00%,100,3,3,3,0,7,3,3,0,0,3,3,2,16,0,0,1,4,0,0,22,4,0,0,1,6,0,0,0,8,2,2,0,17,2,2,0,39,4,4,1
2674,2015-12-29,FALSE,173,86.50%,100,3,3,3,0,8,2,2,0,0,4,4,1,14,2,2,1,2,2,2,1,4,0,0,1,6,0,0,0,8,2,2,0,17,2,2,0,38,5,5,1
2675,2015-12-29,FALSE,169,84.50%,100,2,4,4,0,8,2,2,0,0,1,1,1,10,6,6,1,4,0,0,2,4,0,0,1,5,1,1,0,7,3,3,0,15,4,4,0,39,4,4,1
2676,2016-01-04,FALSE,184,92.00%,100,6,0,0,0,9,1,1,0,0,0,0,2,16,0,0,1,4,0,0,4,4,0,0,1,6,0,0,0,7,3,3,0,18,1,1,0,41,2,2,1
2681,2015-12-29,FALSE,161,80.50%,100,4,2,2,0,8,2,2,0,0,3,3,6,13,3,3,7,4,0,0,11,4,0,0,1,5,1,1,0,10,0,0,0,19,0,0,0,41,2,2,1
2682,2015-12-29,FALSE,170,85.00%,100,5,1,1,0,9,1,1,0,0,2,2,1,16,0,0,1,4,0,0,10,3,1,0,1,3,3,3,0,9,1,1,0,16,3,3,0,39,4,4,1
2686,2015-12-29,FALSE,156,78.00%,100,5,1,1,0,5,5,5,0,0,4,4,4,14,2,2,2,4,0,0,10,3,1,0,1,5,1,1,0,8,2,2,0,16,3,3,0,39,4,4,4
2687,2016-01-04,FALSE,174,87.00%,100,4,2,2,0,9,1,1,0,0,1,1,1,14,2,2,1,2,2,2,1,4,0,0,1,4,2,2,0,8,2,2,0,16,3,3,0,37,6,6,1
2688,2015-12-29,FALSE,155,77.50%,100,6,0,0,0,7,3,3,0,0,2,2,1,14,2,2,7,4,0,0,8,4,0,0,1,3,3,3,0,8,2,2,0,15,4,4,0,32,11,11,1
2689,2015-12-29,TRUE,168,84.00%,100,5,1,1,0,5,5,5,0,0,2,2,1,13,3,3,2,4,0,0,1,4,0,0,1,3,3,3,0,8,2,2,0,17,2,2,0,35,8,8,1
2690,2015-12-29,FALSE,171,85.50%,100,5,1,1,0,8,2,2,0,0,4,4,1,13,3,3,1,4,0,0,4,4,0,0,1,2,4,4,0,6,4,4,0,17,2,2,0,42,1,1,1
2691,2015-12-29,FALSE,126,63.00%,100,3,3,3,0,4,6,6,0,0,3,3,1,11,5,5,1,4,0,0,22,4,0,0,1,4,2,2,0,5,5,5,0,14,5,5,0,24,19,19,1
2694,2015-12-29,FALSE,179,89.50%,100,3,3,3,0,9,1,1,0,0,0,0,1,15,1,1,1,4,0,0,1,4,0,0,1,6,0,0,0,5,5,5,0,15,4,4,0,41,2,2,1
2698,2015-12-29,TRUE,186,93.00%,100,5,1,1,0,9,1,1,0,0,0,0,1,14,2,2,1,4,0,0,1,4,0,0,1,5,1,1,0,9,1,1,0,19,0,0,0,40,3,3,1
2699,2015-12-29,FALSE,181,90.50%,100,5,1,1,0,8,2,2,0,0,1,1,1,13,3,3,1,4,0,0,2,4,0,0,1,5,1,1,0,8,2,2,0,17,2,2,0,42,1,1,1
2702,2015-12-29,FALSE,183,91.50%,100,4,2,2,0,7,3,3,0,0,2,2,1,16,0,0,1,4,0,0,3,4,0,0,1,6,0,0,0,9,1,1,0,19,0,0,0,41,2,2,1
2703,2015-12-29,FALSE,159,79.50%,100,4,2,2,0,7,3,3,0,0,3,3,2,13,3,3,2,0,0,2,16,4,0,0,2,5,1,1,0,9,1,1,0,18,1,1,0,41,2,2,1
2704,2015-12-29,FALSE,177,88.50%,100,4,2,2,0,9,1,1,0,0,3,3,1,15,1,1,1,4,0,0,7,4,0,0,1,6,0,0,0,7,3,3,0,19,0,0,0,41,2,2,1
2705,2015-12-29,FALSE,168,84.00%,100,5,1,1,0,8,2,2,0,0,3,3,1,15,1,1,1,4,0,0,9,4,0,0,1,6,0,0,0,6,4,4,0,17,2,2,0,37,6,6,1
2707,2016-01-04,FALSE,178,89.00%,100,5,1,1,0,6,4,4,0,0,3,3,2,16,0,0,1,3,1,1,4,4,0,0,1,5,1,1,0,8,2,2,0,18,1,1,0,43,0,0,1
2711,2015-12-29,FALSE,164,82.00%,100,5,1,1,0,9,1,1,0,0,1,1,2,14,2,2,5,3,1,1,7,4,0,0,1,5,1,1,0,7,3,3,0,17,2,2,0,36,7,7,2
2712,2015-12-29,FALSE,190,95.00%,100,6,0,0,0,8,2,2,0,0,1,1,1,14,2,2,1,4,0,0,1,4,0,0,1,6,0,0,0,10,0,0,0,19,0,0,0,43,0,0,1
2717,2015-12-29,FALSE,173,86.50%,100,5,1,1,0,8,2,2,0,0,3,3,3,13,3,3,1,4,0,0,1,4,0,0,1,4,2,2,0,7,3,3,0,15,4,4,0,41,2,2,1
2718,2015-12-29,FALSE,139,69.50%,100,2,4,4,0,8,2,2,0,0,2,2,1,11,5,5,1,4,0,0,23,4,0,0,1,2,4,4,0,5,5,5,0,15,4,4,0,35,8,8,1
2721,2015-12-29,TRUE,174,87.00%,100,6,0,0,0,6,4,4,0,0,3,3,1,16,0,0,1,4,0,0,4,3,1,0,1,4,2,2,0,10,0,0,0,16,3,3,0,38,5,5,1
2723,2015-12-29,FALSE,173,86.50%,100,6,0,0,0,7,3,3,0,0,4,4,1,14,2,2,1,3,1,1,1,2,2,0,1,4,2,2,0,8,2,2,0,16,3,3,0,40,3,3,1
2724,2015-12-29,FALSE,160,80.00%,100,5,1,1,0,6,4,4,0,0,3,3,1,9,7,7,1,4,0,0,1,4,0,0,1,4,2,2,0,5,5,5,0,16,3,3,0,33,10,10,1
2807,2015-12-29,FALSE,169,84.50%,100,5,1,1,0,4,6,6,0,0,4,4,1,14,2,2,1,2,2,2,2,4,0,0,1,5,1,1,0,7,3,3,0,18,1,1,0,38,5,5,1
2808,2015-12-29,FALSE,163,81.50%,100,4,2,2,0,5,5,5,0,0,4,4,2,12,4,4,1,4,0,0,1,4,0,0,1,4,2,2,0,9,1,1,0,13,6,6,0,36,7,7,1
2809,2015-12-29,FALSE,170,85.00%,100,6,0,0,0,8,2,2,0,0,1,1,7,15,1,1,2,4,0,0,1,3,1,0,2,4,2,2,0,8,2,2,0,16,3,3,0,38,5,5,1
2810,2016-01-04,FALSE,181,90.50%,100,6,0,0,0,9,1,1,0,0,1,1,1,15,1,1,1,4,0,0,6,4,0,0,1,6,0,0,0,7,3,3,0,18,1,1,0,41,2,2,1
2811,2015-12-29,FALSE,171,85.50%,100,6,0,0,0,9,1,1,0,0,2,2,1,14,2,2,1,4,0,0,2,3,1,0,1,1,5,5,0,6,4,4,0,15,4,4,0,39,4,4,1
2812,2015-12-29,FALSE,172,86.00%,100,5,1,1,0,9,1,1,0,0,1,1,1,12,4,4,1,4,0,0,8,4,0,0,1,3,3,3,0,8,2,2,0,17,2,2,0,41,2,2,1
2813,2015-12-29,FALSE,165,82.50%,100,5,1,1,0,9,1,1,0,0,4,4,5,13,3,3,1,4,0,0,8,4,0,0,1,2,4,4,0,8,2,2,0,18,1,1,0,40,3,3,1
2814,2015-12-29,FALSE,157,78.50%,100,2,4,4,0,3,7,7,0,0,4,4,1,13,3,3,1,3,1,1,4,4,0,0,4,4,2,2,0,10,0,0,0,15,4,4,0,39,4,4,4
2815,2015-12-29,TRUE,182,91.00%,100,6,0,0,0,7,3,3,0,0,1,1,1,16,0,0,1,4,0,0,1,4,0,0,1,4,2,2,0,7,3,3,0,17,2,2,0,41,2,2,1
2816,2015-12-29,FALSE,175,87.50%,100,5,1,1,0,9,1,1,0,0,3,3,1,15,1,1,1,4,0,0,1,3,1,0,1,3,3,3,0,6,4,4,0,16,3,3,0,40,3,3,1
2817,2015-12-29,FALSE,150,75.00%,100,6,0,0,0,6,4,4,0,0,2,2,2,6,10,10,1,4,0,0,2,4,0,0,2,3,3,3,0,2,8,8,0,15,4,4,0,32,11,11,1
2818,2015-12-29,FALSE,178,89.00%,100,3,3,3,0,7,3,3,0,0,0,0,1,13,3,3,2,4,0,0,1,4,0,0,2,5,1,1,0,10,0,0,0,17,2,2,0,40,3,3,1
2819,2015-12-29,FALSE,162,81.00%,100,6,0,0,0,8,2,2,0,0,3,3,1,13,3,3,1,3,1,1,1,4,0,0,2,4,2,2,0,4,6,6,0,18,1,1,0,29,14,14,1
2820,2015-12-29,FALSE,167,83.50%,100,5,1,1,0,8,2,2,0,0,1,1,4,13,3,3,2,4,0,0,10,4,0,0,1,5,1,1,0,10,0,0,0,17,2,2,0,38,5,5,1
2821,2015-12-29,FALSE,171,85.50%,100,3,3,3,0,5,5,5,0,0,1,1,1,13,3,3,1,4,0,0,1,4,0,0,1,3,3,3,0,5,5,5,0,17,2,2,0,41,2,2,1
2822,2015-12-29,FALSE,140,70.00%,100,4,2,2,0,7,3,3,0,0,2,2,1,7,9,9,1,3,1,1,3,3,1,0,1,2,4,4,0,5,5,5,0,15,4,4,0,21,22,22,1
2824,2015-12-29,FALSE,131,65.50%,100,1,5,5,0,4,6,6,0,0,2,2,1,7,9,9,1,3,1,1,1,4,0,0,1,1,5,5,0,3,7,7,0,4,15,15,0,29,14,14,1
2827,2015-12-29,FALSE,168,84.00%,100,6,0,0,0,8,2,2,0,0,3,3,1,14,2,2,1,4,0,0,6,3,1,0,2,2,4,4,0,7,3,3,0,17,2,2,0,39,4,4,1
2828,2015-12-29,FALSE,160,80.00%,100,3,3,3,0,3,7,7,0,0,5,5,1,11,5,5,1,3,1,1,1,2,2,0,1,4,2,2,0,6,4,4,0,16,3,3,0,40,3,3,1
2830,2015-12-29,FALSE,182,91.00%,100,6,0,0,0,7,3,3,0,0,3,3,2,15,1,1,1,4,0,0,1,4,0,0,1,3,3,3,0,10,0,0,0,17,2,2,0,43,0,0,1
2831,2015-12-29,FALSE,167,83.50%,100,5,1,1,0,6,4,4,0,0,2,2,5,16,0,0,1,4,0,0,1,4,0,0,1,1,5,5,0,7,3,3,0,16,3,3,0,37,6,6,1
2832,2015-12-29,FALSE,191,95.50%,100,6,0,0,0,9,1,1,0,0,0,0,1,14,2,2,1,4,0,0,1,4,0,0,1,5,1,1,0,10,0,0,0,19,0,0,0,43,0,0,1
3065,2015-12-29,TRUE,177,88.50%,100,4,2,2,0,8,2,2,0,0,1,1,1,14,2,2,1,4,0,0,1,4,0,0,1,5,1,1,0,5,5,5,0,18,1,1,0,40,3,3,2
3066,2015-12-29,FALSE,181,90.50%,100,5,1,1,0,9,1,1,0,0,0,0,1,15,1,1,1,4,0,0,1,4,0,0,1,3,3,3,0,7,3,3,0,19,0,0,0,38,5,5,1
3067,2015-12-29,FALSE,167,83.50%,100,6,0,0,0,6,4,4,0,0,3,3,1,15,1,1,1,4,0,0,1,3,1,0,1,6,0,0,0,8,2,2,0,17,2,2,0,28,15,15,1
3068,2015-12-29,FALSE,188,94.00%,100,5,1,1,0,5,5,5,0,0,0,0,1,15,1,1,1,4,0,0,1,4,0,0,1,6,0,0,0,10,0,0,0,19,0,0,0,43,0,0,1
3069,2015-12-30,TRUE,180,90.00%,100,6,0,0,0,7,3,3,0,0,3,3,1,15,1,1,1,4,0,0,1,4,0,0,1,6,0,0,0,9,1,1,0,17,2,2,0,38,5,5,1
3071,2015-12-29,TRUE,188,94.00%,100,6,0,0,0,10,0,0,0,0,0,0,1,16,0,0,1,4,0,0,1,4,0,0,1,4,2,2,0,7,3,3,0,17,2,2,0,43,0,0,1
3072,2015-12-29,TRUE,185,92.50%,100,6,0,0,0,10,0,0,0,0,0,0,1,16,0,0,1,4,0,0,1,4,0,0,1,5,1,1,0,8,2,2,0,16,3,3,0,39,4,4,1
3078,2015-12-29,TRUE,184,92.00%,100,3,3,3,0,6,4,4,0,0,2,2,1,16,0,0,1,4,0,0,1,4,0,0,1,6,0,0,0,10,0,0,0,18,1,1,0,42,1,1,1
3079,2015-12-29,FALSE,171,85.50%,100,5,1,1,0,5,5,5,0,0,2,2,1,16,0,0,2,4,0,0,1,4,0,0,1,6,0,0,0,7,3,3,0,14,5,5,0,36,7,7,1
3080,2015-12-29,FALSE,183,91.50%,100,5,1,1,0,8,2,2,0,0,3,3,1,16,0,0,1,4,0,0,1,4,0,0,1,4,2,2,0,10,0,0,0,19,0,0,0,40,3,3,2
3081,2015-12-29,FALSE,174,87.00%,100,4,2,2,0,8,2,2,0,0,3,3,1,11,5,5,1,4,0,0,1,4,0,0,1,4,2,2,0,8,2,2,0,17,2,2,0,40,3,3,1
3082,2015-12-29,FALSE,173,86.50%,100,5,1,1,0,5,5,5,0,0,2,2,1,15,1,1,1,4,0,0,1,3,1,0,1,5,1,1,0,8,2,2,0,17,2,2,0,36,7,7,1
3084,2016-01-06,FALSE,170,85.00%,100,6,0,0,0,7,3,3,0,0,3,3,1,14,2,2,1,3,1,1,1,3,1,0,1,3,3,3,0,6,4,4,0,16,3,3,0,38,5,5,1
3085,2015-12-29,FALSE,177,88.50%,100,5,1,1,0,7,3,3,0,0,2,2,1,14,2,2,1,4,0,0,1,4,0,0,1,2,4,4,0,8,2,2,0,17,2,2,0,41,2,2,1
3086,2015-12-29,FALSE,182,91.00%,100,5,1,1,0,8,2,2,0,0,4,4,1,14,2,2,1,4,0,0,1,4,0,0,2,6,0,0,0,8,2,2,0,19,0,0,0,42,1,1,1
3087,2015-12-29,TRUE,192,96.00%,100,6,0,0,0,9,1,1,0,0,1,1,1,16,0,0,1,4,0,0,1,4,0,0,1,6,0,0,0,10,0,0,0,19,0,0,0,42,1,1,1
3088,2015-12-29,FALSE,188,94.00%,100,5,1,1,0,9,1,1,0,0,0,0,1,15,1,1,1,4,0,0,1,4,0,0,1,5,1,1,0,10,0,0,0,19,0,0,0,40,3,3,1
3089,2015-12-29,FALSE,188,94.00%,100,6,0,0,0,10,0,0,0,0,2,2,1,15,1,1,1,3,1,1,1,4,0,0,1,5,1,1,0,8,2,2,0,19,0,0,0,43,0,0,1
3090,2015-12-29,FALSE,175,87.50%,100,6,0,0,0,9,1,1,0,0,3,3,1,15,1,1,1,3,1,1,1,4,0,0,1,4,2,2,0,7,3,3,0,14,5,5,0,39,4,4,1
3091,2015-12-29,TRUE,181,90.50%,100,6,0,0,0,8,2,2,0,0,1,1,1,16,0,0,1,4,0,0,1,4,0,0,1,4,2,2,0,9,1,1,0,18,1,1,0,36,7,7,1
3093,2015-12-29,FALSE,186,93.00%,100,6,0,0,0,7,3,3,0,0,2,2,1,15,1,1,1,4,0,0,2,4,0,0,1,5,1,1,0,10,0,0,0,19,0,0,0,43,0,0,2
3095,2015-12-29,FALSE,165,82.50%,100,4,2,2,0,9,1,1,0,0,4,4,1,12,4,4,1,3,1,1,4,4,0,0,1,3,3,3,0,8,2,2,0,18,1,1,0,34,9,9,1
3096,2015-12-29,FALSE,171,85.50%,100,6,0,0,0,7,3,3,0,0,2,2,1,12,4,4,1,4,0,0,1,3,1,0,1,4,2,2,0,7,3,3,0,17,2,2,0,38,5,5,3
3109,2015-12-29,FALSE,180,90.00%,100,6,0,0,0,9,1,1,0,0,1,1,1,15,1,1,1,4,0,0,1,4,0,0,1,4,2,2,0,6,4,4,0,15,4,4,0,41,2,2,1
3110,2015-12-29,FALSE,170,85.00%,100,5,1,1,0,8,2,2,0,0,4,4,4,15,1,1,1,4,0,0,5,4,0,0,2,5,1,1,0,9,1,1,0,19,0,0,0,40,3,3,5
3111,2015-12-29,FALSE,187,93.50%,100,5,1,1,0,7,3,3,0,0,0,0,1,15,1,1,1,4,0,0,1,4,0,0,1,5,1,1,0,8,2,2,0,19,0,0,0,43,0,0,1
3113,2015-12-29,FALSE,178,89.00%,100,6,0,0,0,7,3,3,0,0,3,3,1,14,2,2,1,4,0,0,1,4,0,0,1,3,3,3,0,8,2,2,0,19,0,0,0,39,4,4,1
3115,2015-12-29,FALSE,165,82.50%,100,3,3,3,0,6,4,4,0,0,3,3,1,11,5,5,1,4,0,0,1,4,0,0,1,4,2,2,0,4,6,6,0,16,3,3,0,39,4,4,1
3116,2015-12-29,FALSE,185,92.50%,100,6,0,0,0,8,2,2,0,0,2,2,1,16,0,0,1,4,0,0,1,4,0,0,1,5,1,1,0,9,1,1,0,18,1,1,0,40,3,3,1
3118,2015-12-29,FALSE,174,87.00%,100,2,4,4,0,8,2,2,0,0,1,1,2,16,0,0,2,3,1,1,2,2,2,0,2,5,1,1,0,9,1,1,0,19,0,0,0,38,5,5,1
3119,2015-12-29,FALSE,178,89.00%,100,5,1,1,0,5,5,5,0,0,2,2,1,16,0,0,1,4,0,0,2,3,1,0,2,6,0,0,0,8,2,2,0,18,1,1,0,43,0,0,4
3120,2015-12-29,FALSE,187,93.50%,100,6,0,0,0,7,3,3,0,0,1,1,1,15,1,1,1,4,0,0,1,4,0,0,1,4,2,2,0,9,1,1,0,16,0,0,0,43,0,0,1
3121,2015-12-29,FALSE,161,80.50%,100,6,0,0,0,5,5,5,0,0,3,3,1,11,5,5,1,4,0,0,2,4,0,0,1,4,2,2,0,5,5,5,0,16,3,3,0,33,10,10,1
3122,2015-12-29,TRUE,176,88.00%,100,6,0,0,0,10,0,0,0,0,0,0,2,15,1,1,2,4,0,0,3,3,1,0,3,4,2,2,0,8,2,2,0,16,3,3,0,40,3,3,2
3123,2015-12-29,FALSE,171,85.50%,100,4,2,2,0,9,1,1,0,0,1,1,1,15,1,1,1,4,0,0,1,3,1,0,1,2,4,4,0,4,6,6,0,17,2,2,0,37,6,6,1
3124,2015-12-29,FALSE,174,87.00%,100,3,3,3,0,5,5,5,0,0,1,1,1,16,0,0,1,2,2,2,1,4,0,0,1,5,1,1,0,7,3,3,0,18,1,1,0,39,4,4,2
3125,2015-12-29,FALSE,183,91.50%,100,5,1,1,0,7,3,3,0,0,2,2,1,16,0,0,1,4,0,0,1,4,0,0,1,4,2,2,0,9,1,1,0,17,2,2,0,42,1,1,1
3128,2015-12-29,TRUE,181,90.50%,100,5,1,1,0,9,1,1,0,0,1,1,1,14,2,2,1,3,1,1,1,4,0,0,1,5,1,1,0,9,1,1,0,18,1,1,0,38,5,5,1
3129,2015-12-29,FALSE,181,90.50%,100,4,2,2,0,10,0,0,0,0,2,2,1,15,1,1,1,4,0,0,2,4,0,0,1,6,0,0,0,8,2,2,0,18,1,1,0,38,5,5,1
3130,2015-12-29,TRUE,187,93.50%,100,5,1,1,0,8,2,2,0,0,2,2,1,16,0,0,1,4,0,0,1,4,0,0,1,6,0,0,0,10,0,0,0,18,1,1,0,41,2,2,1
3131,2015-12-29,FALSE,180,90.00%,100,6,0,0,0,8,2,2,0,0,0,0,1,13,3,3,1,4,0,0,1,4,0,0,1,5,1,1,0,7,3,3,0,17,2,2,0,39,4,4,1
3133,2015-12-29,TRUE,182,91.00%,100,4,2,2,0,8,2,2,0,0,0,0,1,14,2,2,1,4,0,0,1,4,0,0,1,5,1,1,0,10,0,0,0,16,3,3,0,40,3,3,1
3134,2015-12-29,FALSE,184,92.00%,100,4,2,2,0,8,2,2,0,0,3,3,1,14,2,2,1,4,0,0,1,4,0,0,1,6,0,0,0,9,1,1,0,19,0,0,0,42,1,1,1
3135,2015-12-29,FALSE,172,86.00%,100,6,0,0,0,6,4,4,0,0,4,4,1,13,3,3,1,4,0,0,1,4,0,0,1,3,3,3,0,8,2,2,0,17,2,2,0,38,5,5,1
3137,2015-12-29,FALSE,179,89.50%,100,6,0,0,0,7,3,3,0,0,2,2,1,14,2,2,1,4,0,0,1,4,0,0,1,6,0,0,0,7,3,3,0,16,3,3,0,40,3,3,1
3139,2015-12-29,FALSE,180,90.00%,100,5,1,1,0,6,4,4,0,0,1,1,1,14,2,2,1,4,0,0,1,4,0,0,1,4,2,2,0,9,1,1,0,18,1,1,0,40,3,3,1
3140,2015-12-29,TRUE,134,67.00%,100,6,0,0,0,5,5,5,0,0,1,1,1,16,0,0,2,3,1,1,7,4,0,0,1,3,3,3,0,9,1,1,0,17,2,2,0,37,6,6,36
3141,2015-12-29,FALSE,176,88.00%,100,6,0,0,0,10,0,0,0,0,2,2,1,12,4,4,1,3,1,1,2,4,0,0,1,4,2,2,0,7,3,3,0,16,3,3,0,40,3,3,1
3142,2015-12-29,FALSE,180,90.00%,100,6,0,0,0,10,0,0,0,0,2,2,1,13,3,3,1,4,0,0,1,4,0,0,1,3,3,3,0,7,3,3,0,18,1,1,0,40,3,3,1
3143,2015-12-30,TRUE,190,95.00%,100,6,0,0,0,6,4,4,0,0,0,0,1,15,1,1,1,4,0,0,1,4,0,0,1,6,0,0,0,10,0,0,0,19,0,0,0,43,0,0,1
3232,2015-12-29,FALSE,180,90.00%,100,4,2,2,0,5,5,5,0,0,3,3,1,14,2,2,1,4,0,0,2,4,0,0,1,5,1,1,0,10,0,0,0,18,1,1,0,43,0,0,1
3233,2015-12-29,FALSE,178,89.00%,100,6,0,0,0,8,2,2,0,0,1,1,1,15,1,1,1,4,0,0,5,4,0,0,1,4,2,2,0,9,1,1,0,17,2,2,0,40,3,3,2
3236,2015-12-30,FALSE,187,93.50%,100,6,0,0,0,8,2,2,0,0,2,2,1,16,0,0,2,4,0,0,1,4,0,0,1,5,1,1,0,10,0,0,0,18,1,1,0,42,1,1,1
3243,2015-12-30,FALSE,84,42.00%,100,4,2,2,0,6,4,4,0,0,3,3,1,10,6,6,2,4,0,0,70,4,0,0,1,4,2,2,0,6,4,4,0,12,7,7,0,30,13,13,1
3244,2016-01-06,FALSE,177,88.50%,100,4,2,2,0,6,4,4,0,0,0,0,1,14,2,2,1,4,0,0,1,4,0,0,1,3,3,3,0,7,3,3,0,18,1,1,0,40,3,3,1
3245,2015-12-29,FALSE,185,92.50%,100,5,1,1,0,7,3,3,0,0,0,0,1,16,0,0,1,4,0,0,1,4,0,0,1,5,1,1,0,9,1,1,0,16,3,3,0,42,1,1,1
3246,2016-02-19,FALSE,170,85.00%,100,6,0,0,0,4,6,6,0,0,3,3,1,13,3,3,1,3,1,1,2,4,0,0,1,5,1,1,0,9,1,1,0,17,2,2,0,36,7,7,1
3247,2016-01-04,FALSE,186,93.00%,100,5,1,1,0,8,2,2,0,0,2,2,1,14,2,2,1,4,0,0,1,4,0,0,1,5,1,1,0,10,0,0,0,18,1,1,0,43,0,0,1
3248,2016-01-07,FALSE,174,87.00%,100,4,2,2,0,9,1,1,0,0,3,3,1,13,3,3,1,2,2,2,1,4,0,0,1,5,1,1,0,6,4,4,0,19,0,0,0,38,5,5,1
3249,2015-12-29,FALSE,167,83.50%,100,6,0,0,0,8,2,2,0,0,4,4,1,10,6,6,1,3,1,1,1,4,0,0,1,4,2,2,0,9,1,1,0,14,5,5,0,36,7,7,1
3251,2015-12-29,FALSE,188,94.00%,100,6,0,0,0,8,2,2,0,0,1,1,1,14,2,2,1,4,0,0,1,4,0,0,1,6,0,0,0,9,1,1,0,19,0,0,0,42,1,1,1
3253,2015-12-29,FALSE,166,83.00%,100,4,2,2,0,6,4,4,0,0,4,4,1,13,3,3,1,4,0,0,2,3,1,0,1,3,3,3,0,8,2,2,0,17,2,2,0,36,7,7,1
3255,2015-12-29,FALSE,152,76.00%,100,4,2,2,0,7,3,3,0,0,2,2,1,13,3,3,1,4,0,0,8,4,0,0,1,3,3,3,0,8,2,2,0,16,3,3,0,38,5,5,14
3256,2015-12-29,FALSE,179,89.50%,100,5,1,1,0,9,1,1,0,0,2,2,1,15,1,1,1,4,0,0,1,4,0,0,1,2,4,4,0,10,0,0,0,15,4,4,0,40,3,3,1
3257,2015-12-29,FALSE,181,90.50%,100,6,0,0,0,7,3,3,0,0,2,2,1,16,0,0,1,2,2,2,1,4,0,0,1,4,2,2,0,10,0,0,0,18,1,1,0,39,4,4,1
3258,2015-12-29,FALSE,152,76.00%,100,5,1,1,0,5,5,5,0,0,3,3,1,9,7,7,1,3,1,1,2,4,0,0,1,3,3,3,0,6,4,4,0,13,6,6,0,31,12,12,1
3260,2015-12-29,FALSE,174,87.00%,100,3,3,3,0,8,2,2,0,0,4,4,2,16,0,0,1,4,0,0,1,4,0,0,1,4,2,2,0,6,4,4,0,17,2,2,0,40,3,3,1
3261,2015-12-29,FALSE,172,86.00%,100,6,0,0,0,8,2,2,0,0,2,2,2,13,3,3,2,4,0,0,8,4,0,0,2,6,0,0,0,10,0,0,0,17,2,2,0,39,4,4,1
3262,2015-12-29,FALSE,149,74.50%,100,5,1,1,0,6,4,4,0,0,5,5,1,13,3,3,1,3,1,1,21,4,0,0,1,3,3,3,0,7,3,3,0,16,3,3,0,40,3,3,1
3264,2015-12-29,FALSE,156,78.00%,100,4,2,2,0,8,2,2,0,0,2,2,1,11,5,5,1,4,0,0,2,4,0,0,1,4,2,2,0,3,7,7,0,12,7,7,0,32,11,11,1
3266,2015-12-29,FALSE,186,93.00%,100,6,0,0,0,8,2,2,0,0,3,3,1,15,1,1,1,4,0,0,1,4,0,0,1,5,1,1,0,10,0,0,0,18,1,1,0,42,1,1,1
3267,2016-02-25,FALSE,181,90.50%,100,4,2,2,0,8,2,2,0,0,2,2,1,14,2,2,1,4,0,0,1,3,1,0,1,5,1,1,0,9,1,1,0,18,1,1,0,41,2,2,1
3270,2015-12-29,FALSE,177,88.50%,100,6,0,0,0,8,2,2,0,0,2,2,1,15,1,1,1,2,2,2,4,4,0,0,1,3,3,3,0,10,0,0,0,18,1,1,0,39,4,4,1
3271,2015-12-29,FALSE,180,90.00%,100,6,0,0,0,9,1,1,0,0,2,2,1,15,1,1,1,2,2,2,3,4,0,0,1,4,2,2,0,10,0,0,0,18,1,1,0,39,4,4,1
3273,2015-12-29,FALSE,164,82.00%,100,5,1,1,0,8,2,2,0,0,4,4,1,13,3,3,1,4,0,0,10,3,1,0,1,6,0,0,0,10,0,0,0,16,3,3,0,35,8,8,1
3274,2015-12-29,FALSE,179,89.50%,100,6,0,0,0,8,2,2,0,0,3,3,1,13,3,3,1,4,0,0,1,3,1,0,1,5,1,1,0,10,0,0,0,18,1,1,0,38,5,5,1
3275,2015-12-29,FALSE,172,86.00%,100,5,1,1,0,7,3,3,0,0,1,1,1,13,3,3,1,4,0,0,2,4,0,0,1,3,3,3,0,6,4,4,0,15,4,4,0,41,2,2,2
3276,2015-12-29,TRUE,182,91.00%,100,6,0,0,0,7,3,3,0,0,1,1,1,16,0,0,1,4,0,0,1,4,0,0,1,3,3,3,0,10,0,0,0,18,1,1,0,38,5,5,1
3279,2015-12-29,FALSE,188,94.00%,100,5,1,1,0,10,0,0,0,0,1,1,1,14,2,2,1,4,0,0,1,4,0,0,1,6,0,0,0,10,0,0,0,19,0,0,0,40,3,3,1
3280,2015-12-29,FALSE,156,78.00%,100,4,2,2,0,7,3,3,0,0,1,1,1,14,2,2,7,4,0,0,18,3,1,0,2,5,1,1,0,10,0,0,0,18,1,1,0,39,4,4,1
3281,2015-12-29,TRUE,177,88.50%,100,4,2,2,0,5,5,5,0,0,2,2,1,16,0,0,2,4,0,0,3,3,1,0,1,6,0,0,0,10,0,0,0,19,0,0,0,38,5,5,1
3282,2015-12-29,TRUE,172,86.00%,100,6,0,0,0,6,4,4,0,0,3,3,1,12,4,4,1,4,0,0,1,4,0,0,1,4,2,2,0,7,3,3,0,17,2,2,0,38,5,5,1
3283,2015-12-29,TRUE,188,94.00%,100,5,1,1,0,7,3,3,0,0,0,0,1,14,2,2,1,4,0,0,1,4,0,0,1,6,0,0,0,10,0,0,0,19,0,0,0,42,1,1,1
3284,2015-12-29,FALSE,182,91.00%,100,5,1,1,0,8,2,2,0,0,1,1,1,16,0,0,1,4,0,0,1,3,1,0,1,6,0,0,0,10,0,0,0,17,2,2,0,37,6,6,1
3285,2015-12-29,FALSE,130,65.00%,100,1,5,5,0,4,6,6,0,0,0,0,1,6,10,10,1,1,3,3,1,2,2,0,1,3,3,3,0,2,8,8,0,15,4,4,0,19,24,24,1
3286,2015-12-29,FALSE,179,89.50%,100,6,0,0,0,8,2,2,0,0,3,3,1,16,0,0,1,4,0,0,1,2,2,0,1,6,0,0,0,10,0,0,0,17,2,2,0,36,7,7,1
3288,2015-12-29,FALSE,183,91.50%,100,6,0,0,0,6,4,4,0,0,2,2,3,16,0,0,1,4,0,0,1,4,0,0,1,5,1,1,0,9,1,1,0,18,1,1,0,42,1,1,1
3289,2015-12-29,FALSE,181,90.50%,100,5,1,1,0,9,1,1,0,0,3,3,1,14,2,2,1,4,0,0,1,4,0,0,1,6,0,0,0,8,2,2,0,18,1,1,0,39,4,4,1
3290,2015-12-29,FALSE,134,67.00%,100,1,5,5,0,5,5,5,0,0,3,3,1,10,6,6,1,3,1,1,1,3,1,0,1,2,4,4,0,5,5,5,0,12,7,7,0,19,24,24,1
3291,2015-12-29,FALSE,183,91.50%,100,5,1,1,0,8,2,2,0,0,3,3,1,15,1,1,1,4,0,0,1,4,0,0,1,4,2,2,0,9,1,1,0,19,0,0,0,41,2,2,1
3293,2015-12-29,FALSE,176,88.00%,100,4,2,2,0,7,3,3,0,0,3,3,1,14,2,2,1,4,0,0,1,4,0,0,1,5,1,1,0,9,1,1,0,17,2,2,0,38,5,5,1
3294,2015-12-29,FALSE,180,90.00%,100,5,1,1,0,7,3,3,0,0,3,3,1,14,2,2,1,4,0,0,1,4,0,0,1,5,1,1,0,9,1,1,0,17,2,2,0,41,2,2,1
3295,2015-12-29,FALSE,179,89.50%,100,5,1,1,0,7,3,3,0,0,3,3,1,13,3,3,1,4,0,0,1,4,0,0,1,5,1,1,0,9,1,1,0,17,2,2,0,41,2,2,1
3306,2015-12-29,FALSE,183,91.50%,100,6,0,0,0,7,3,3,0,0,1,1,1,15,1,1,1,4,0,0,3,3,1,0,1,6,0,0,0,10,0,0,0,18,1,1,0,40,3,3,1
3308,2015-12-29,FALSE,184,92.00%,100,6,0,0,0,7,3,3,0,0,0,0,1,13,3,3,1,4,0,0,1,3,1,0,1,6,0,0,0,10,0,0,0,18,1,1,0,40,3,3,1
3312,2015-12-29,FALSE,179,89.50%,100,6,0,0,0,9,1,1,0,0,2,2,1,12,4,4,1,4,0,0,1,4,0,0,1,6,0,0,0,7,3,3,0,16,3,3,0,40,3,3,1
3313,2015-12-29,FALSE,187,93.50%,100,5,1,1,0,9,1,1,0,0,1,1,1,15,1,1,1,4,0,0,1,4,0,0,1,5,1,1,0,9,1,1,0,18,1,1,0,42,1,1,1
3314,2015-12-29,TRUE,183,91.50%,100,6,0,0,0,9,1,1,0,0,2,2,1,16,0,0,2,4,0,0,4,4,0,0,1,4,2,2,0,8,2,2,0,19,0,0,0,42,1,1,1
3315,2015-12-29,FALSE,172,86.00%,100,4,2,2,0,7,3,3,0,0,2,2,1,15,1,1,1,4,0,0,1,4,0,0,1,3,3,3,0,6,4,4,0,18,1,1,0,36,7,7,1
3316,2015-12-29,FALSE,173,86.50%,100,6,0,0,0,9,1,1,0,0,3,3,1,16,0,0,1,4,0,0,2,4,0,0,1,3,3,3,0,7,3,3,0,17,2,2,0,34,9,9,1
3318,2015-12-29,FALSE,182,91.00%,100,6,0,0,0,6,4,4,0,0,0,0,1,14,2,2,1,4,0,0,2,4,0,0,1,6,0,0,0,9,1,1,0,19,0,0,0,38,5,5,1
3321,2015-12-29,FALSE,179,89.50%,100,4,2,2,0,9,1,1,0,0,1,1,1,15,1,1,1,4,0,0,1,4,0,0,1,4,2,2,0,8,2,2,0,17,2,2,0,38,5,5,1
3322,2015-12-29,FALSE,159,79.50%,100,5,1,1,0,6,4,4,0,0,2,2,1,13,3,3,1,4,0,0,12,3,1,0,1,5,1,1,0,7,3,3,0,18,1,1,0,34,9,9,1
3325,2015-12-29,FALSE,177,88.50%,100,6,0,0,0,6,4,4,0,0,2,2,1,13,3,3,1,3,1,1,1,2,2,0,1,5,1,1,0,10,0,0,0,18,1,1,0,40,3,3,2
3326,2015-12-29,FALSE,148,74.00%,100,4,2,2,0,7,3,3,0,0,4,4,12,10,6,6,8,4,0,0,1,0,4,0,1,5,1,1,0,7,3,3,0,18,1,1,0,38,5,5,1
3360,2015-12-29,FALSE,151,75.50%,100,6,0,0,0,8,2,2,0,0,1,1,1,15,1,1,1,4,0,0,25,4,0,0,1,3,3,3,0,9,1,1,0,18,1,1,0,34,9,9,3
3363,2015-12-29,FALSE,184,92.00%,100,5,1,1,0,8,2,2,0,0,0,0,1,13,3,3,1,4,0,0,1,4,0,0,1,5,1,1,0,8,2,2,0,19,0,0,0,41,2,2,1
3369,2015-12-29,FALSE,173,86.50%,100,4,2,2,0,5,5,5,0,0,2,2,1,13,3,3,1,4,0,0,1,3,1,0,1,6,0,0,0,7,3,3,0,18,1,1,0,38,5,5,1
3370,2015-12-29,FALSE,164,82.00%,100,5,1,1,0,8,2,2,0,0,2,2,1,12,4,4,1,4,0,0,20,4,0,0,1,6,0,0,0,10,0,0,0,18,1,1,0,42,1,1,2
3373,2015-12-29,TRUE,185,92.50%,100,6,0,0,0,10,0,0,0,0,0,0,1,13,3,3,1,4,0,0,2,3,1,0,1,6,0,0,0,9,1,1,0,17,2,2,0,41,2,2,1
3375,2015-12-29,TRUE,178,89.00%,100,6,0,0,0,7,3,3,0,0,2,2,1,14,2,2,1,4,0,0,9,4,0,0,1,6,0,0,0,9,1,1,0,19,0,0,0,42,1,1,1
3377,2015-12-29,TRUE,177,88.50%,100,5,1,1,0,8,2,2,0,0,2,2,1,16,0,0,1,4,0,0,1,3,1,0,1,6,0,0,0,7,3,3,0,15,4,4,0,38,5,5,1
3378,2015-12-29,TRUE,171,85.50%,100,6,0,0,0,5,5,5,0,0,3,3,2,16,0,0,2,4,0,0,1,4,0,0,1,5,1,1,0,6,4,4,0,17,2,2,0,36,7,7,1
3379,2015-12-29,FALSE,175,87.50%,100,5,1,1,0,5,5,5,0,0,2,2,1,16,0,0,1,4,0,0,2,4,0,0,1,5,1,1,0,10,0,0,0,19,0,0,0,33,10,10,1
3380,2016-01-04,FALSE,180,90.00%,100,5,1,1,0,9,1,1,0,0,2,2,6,16,0,0,1,4,0,0,1,4,0,0,1,4,2,2,0,8,2,2,0,18,1,1,0,42,1,1,1
3381,2015-12-29,FALSE,178,89.00%,100,5,1,1,0,7,3,3,0,0,2,2,1,14,2,2,1,4,0,0,1,4,0,0,1,5,1,1,0,8,2,2,0,16,3,3,0,40,3,3,1
3382,2015-12-29,FALSE,172,86.00%,100,3,3,3,0,8,2,2,0,0,1,1,1,9,7,7,1,3,1,1,3,4,0,0,1,5,1,1,0,10,0,0,0,18,1,1,0,38,5,5,1
3383,2015-12-29,FALSE,188,94.00%,100,5,1,1,0,10,0,0,0,0,0,0,2,16,0,0,1,4,0,0,2,3,1,0,1,5,1,1,0,10,0,0,0,19,0,0,0,41,2,2,1
3384,2015-12-29,FALSE,162,81.00%,100,6,0,0,0,8,2,2,0,0,3,3,1,13,3,3,1,3,1,1,18,4,0,0,1,4,2,2,0,10,0,0,0,18,1,1,0,39,4,4,1
3388,2016-02-19,FALSE,169,84.50%,100,4,2,2,0,5,5,5,0,0,4,4,1,14,2,2,1,4,0,0,1,4,0,0,1,4,2,2,0,10,0,0,0,16,3,3,0,36,7,7,2
3390,2015-12-29,FALSE,185,92.50%,100,6,0,0,0,7,3,3,0,0,1,1,1,15,1,1,1,4,0,0,1,4,0,0,1,4,2,2,0,10,0,0,0,18,1,1,0,41,2,2,1
3391,2016-01-04,FALSE,188,94.00%,100,6,0,0,0,10,0,0,0,0,0,0,1,15,1,1,1,4,0,0,1,4,0,0,1,6,0,0,0,7,3,3,0,18,1,1,0,41,2,2,1
3395,2015-12-29,FALSE,167,83.50%,100,6,0,0,0,8,2,2,0,0,3,3,3,16,0,0,1,4,0,0,11,3,1,0,1,4,2,2,0,8,2,2,0,17,2,2,0,39,4,4,1
3397,2015-12-29,FALSE,190,95.00%,100,6,0,0,0,10,0,0,0,0,0,0,1,15,1,1,1,4,0,0,1,4,0,0,1,6,0,0,0,10,0,0,0,18,1,1,0,0,0,3,1
3398,2015-12-29,FALSE,152,76.00%,100,5,1,1,0,6,4,4,0,0,4,4,1,13,3,3,1,4,0,0,17,3,1,0,1,3,3,3,0,8,2,2,0,15,4,4,0,38,5,5,1
3399,2015-12-29,FALSE,154,77.00%,100,3,3,3,0,5,5,5,0,0,4,4,1,11,5,5,2,4,0,0,1,3,1,0,1,4,2,2,0,5,5,5,0,13,6,6,0,37,6,6,4
3400,2015-12-29,FALSE,174,87.00%,100,5,1,1,0,7,3,3,0,0,1,1,1,14,2,2,1,4,0,0,1,4,0,0,1,5,1,1,0,7,3,3,0,13,6,6,0,39,4,4,1
3402,2015-12-29,FALSE,176,88.00%,100,6,0,0,0,5,5,5,0,0,2,2,1,16,0,0,1,4,0,0,5,4,0,0,1,3,3,3,0,10,0,0,0,19,0,0,0,38,5,5,1
3403,2015-12-29,FALSE,182,91.00%,100,6,0,0,0,10,0,0,0,0,3,3,1,15,1,1,1,4,0,0,1,4,0,0,1,5,1,1,0,10,0,0,0,17,2,2,0,37,6,6,1
3404,2015-12-29,FALSE,156,78.00%,100,4,2,2,0,6,4,4,0,0,2,2,1,13,3,3,1,4,0,0,1,4,0,0,5,4,2,2,0,6,4,4,0,14,5,5,0,31,12,12,2
3405,2016-02-22,FALSE,153,76.50%,100,4,2,2,0,5,5,5,0,0,5,5,1,15,1,1,8,4,0,0,1,3,1,0,1,0,6,6,0,7,3,3,0,16,3,3,0,34,9,9,1
3406,2015-12-29,TRUE,183,91.50%,100,5,1,1,0,10,0,0,0,0,0,0,1,13,3,3,1,3,1,1,1,4,0,0,1,5,1,1,0,9,1,1,0,19,0,0,0,38,5,5,1
3407,2016-01-04,TRUE,184,92.00%,100,6,0,0,0,5,5,5,0,0,1,1,1,12,4,4,1,4,0,0,1,4,0,0,1,5,1,1,0,10,0,0,0,19,0,0,0,43,0,0,1
3421,2015-12-29,TRUE,95,47.50%,100,4,2,2,0,3,7,7,0,0,4,4,2,16,0,0,70,4,0,0,1,3,1,0,1,4,2,2,0,5,5,5,0,17,2,2,0,36,7,7,1
3487,2015-12-29,FALSE,162,81.00%,100,5,1,1,0,7,3,3,0,0,3,3,1,13,3,3,1,4,0,0,1,3,1,0,2,3,3,3,0,7,3,3,0,15,4,4,0,32,11,11,1
3489,2015-12-29,FALSE,156,78.00%,100,6,0,0,0,5,5,5,0,0,4,4,1,8,8,8,1,3,1,1,1,4,0,0,1,5,1,1,0,5,5,5,0,15,4,4,0,32,11,11,1
3564,2015-12-29,FALSE,166,83.00%,100,4,2,2,0,7,3,3,0,0,2,2,1,14,2,2,1,4,0,0,8,4,0,0,4,5,1,1,0,8,2,2,0,16,3,3,0,39,4,4,1
3565,2015-12-29,FALSE,167,83.50%,100,4,2,2,0,8,2,2,0,0,4,4,1,13,3,3,1,4,0,0,1,3,1,0,1,4,2,2,0,7,3,3,0,17,2,2,0,34,9,9,1
3566,2015-12-29,FALSE,185,92.50%,100,6,0,0,0,9,1,1,0,0,1,1,1,15,1,1,1,2,2,2,1,4,0,0,1,6,0,0,0,9,1,1,0,18,1,1,0,40,3,3,1
3572,2015-12-29,FALSE,176,88.00%,100,4,2,2,0,7,3,3,0,0,4,4,1,13,3,3,1,4,0,0,1,4,0,0,1,4,2,2,0,9,1,1,0,19,0,0,0,39,4,4,1
3579,2015-12-29,TRUE,182,91.00%,100,3,3,3,0,10,0,0,0,0,1,1,1,15,1,1,1,4,0,0,1,4,0,0,1,4,2,2,0,9,1,1,0,17,2,2,0,40,3,3,1
3580,2015-12-29,FALSE,181,90.50%,100,5,1,1,0,10,0,0,0,0,0,0,1,14,2,2,1,2,2,2,1,4,0,0,1,5,1,1,0,5,5,5,0,18,1,1,0,41,2,2,1
3581,2015-12-29,FALSE,190,95.00%,100,6,0,0,0,8,2,2,0,0,2,2,1,15,1,1,1,4,0,0,1,4,0,0,1,6,0,0,0,10,0,0,0,19,0,0,0,43,0,0,1
3583,2016-02-19,FALSE,166,83.00%,100,5,1,1,0,8,2,2,0,0,3,3,1,13,3,3,1,3,1,1,15,4,0,0,1,5,1,1,0,10,0,0,0,18,1,1,0,40,3,3,1
3584,2016-02-19,FALSE,179,89.50%,100,5,1,1,0,8,2,2,0,0,2,2,1,15,1,1,1,4,0,0,1,4,0,0,1,4,2,2,0,7,3,3,0,17,2,2,0,41,2,2,2
3585,2015-12-29,FALSE,180,90.00%,100,6,0,0,0,8,2,2,0,0,2,2,1,16,0,0,1,4,0,0,2,4,0,0,1,5,1,1,0,8,2,2,0,17,2,2,0,38,5,5,1
3586,2015-12-29,FALSE,182,91.00%,100,6,0,0,0,6,4,4,0,0,2,2,1,16,0,0,2,4,0,0,2,4,0,0,2,0,0,1,0,10,0,0,0,19,0,0,0,40,3,3,1
3587,2015-12-29,FALSE,142,71.00%,100,6,0,0,0,8,2,2,0,0,1,1,1,13,3,3,2,4,0,0,39,4,0,0,3,4,2,2,0,10,0,0,0,18,1,1,0,42,1,1,3
3588,2015-12-29,TRUE,185,92.50%,100,5,1,1,0,9,1,1,0,0,0,0,1,15,1,1,1,4,0,0,1,4,0,0,1,6,0,0,0,7,3,3,0,17,2,2,0,41,2,2,1
3590,2015-12-29,FALSE,156,78.00%,100,6,0,0,0,6,4,4,0,0,2,2,1,11,5,5,1,4,0,0,19,4,0,0,1,6,0,0,0,10,0,0,0,16,3,3,0,36,7,7,1
3593,2015-12-29,FALSE,185,92.50%,100,4,2,2,0,9,1,1,0,0,2,2,1,16,0,0,1,0,0,1,5,4,0,0,1,6,0,0,0,10,0,0,0,19,0,0,0,43,0,0,1
3594,2015-12-29,FALSE,173,86.50%,100,5,1,1,0,7,3,3,0,0,4,4,1,13,3,3,1,4,0,0,1,4,0,0,1,4,2,2,0,8,2,2,0,18,1,1,0,37,6,6,1
3596,2016-03-21,FALSE,166,83.00%,100,5,1,1,0,8,2,2,0,0,1,1,1,13,3,3,1,4,0,0,1,4,0,0,1,3,3,3,0,6,4,4,0,13,6,6,0,36,7,7,3
3597,2015-12-29,FALSE,161,80.50%,100,3,3,3,0,8,2,2,0,0,3,3,1,16,0,0,1,4,0,0,13,4,0,0,1,4,2,2,0,7,3,3,0,15,4,4,0,38,5,5,1
3603,2015-12-29,FALSE,185,92.50%,100,6,0,0,0,10,0,0,0,0,1,1,1,14,2,2,1,4,0,0,2,4,0,0,1,5,1,1,0,10,0,0,0,19,0,0,0,39,4,4,2
3604,2015-12-29,FALSE,168,84.00%,100,5,1,1,0,8,2,2,0,0,0,0,1,13,3,3,4,4,0,0,10,4,0,0,1,4,2,2,0,10,0,0,0,18,1,1,0,38,5,5,2
3605,2015-12-29,FALSE,187,93.50%,100,6,0,0,0,9,1,1,0,0,2,2,1,15,1,1,1,4,0,0,1,4,0,0,1,5,1,1,0,10,0,0,0,18,1,1,0,41,2,2,1
3606,2015-12-29,FALSE,180,90.00%,100,5,1,1,0,8,2,2,0,0,1,1,1,14,2,2,1,4,0,0,1,4,0,0,1,6,0,0,0,8,2,2,0,16,3,3,0,39,4,4,1
3607,2015-12-29,FALSE,190,95.00%,100,6,0,0,0,10,0,0,0,0,1,1,1,14,2,2,2,4,0,0,1,4,0,0,1,6,0,0,0,10,0,0,0,18,1,1,0,43,0,0,1
3609,2015-12-29,FALSE,170,85.00%,100,4,2,2,0,5,5,5,0,0,3,3,2,14,2,2,1,4,0,0,3,4,0,0,1,4,2,2,0,7,3,3,0,18,1,1,0,39,4,4,1
3610,2015-12-29,FALSE,163,81.50%,100,5,1,1,0,7,3,3,0,0,1,1,1,13,3,3,6,3,1,1,1,4,0,0,3,5,1,1,0,7,3,3,0,19,0,0,0,32,11,11,2
3613,2015-12-29,TRUE,174,87.00%,100,5,1,1,0,7,3,3,0,0,1,1,2,14,2,2,2,4,0,0,4,4,0,0,2,5,1,1,0,9,1,1,0,17,2,2,0,39,4,4,1
3614,2016-02-19,FALSE,183,91.50%,100,6,0,0,0,8,2,2,0,0,2,2,1,15,1,1,2,4,0,0,3,4,0,0,1,6,0,0,0,9,1,1,0,19,0,0,0,40,3,3,1
3617,2016-03-01,FALSE,174,87.00%,100,4,2,2,0,7,3,3,0,0,3,3,3,15,1,1,1,4,0,0,1,4,0,0,1,2,4,4,0,7,3,3,0,18,1,1,0,41,2,2,1
3620,2015-12-29,FALSE,170,85.00%,100,2,4,4,0,4,6,6,0,0,4,4,1,16,0,0,1,3,1,1,6,4,0,0,2,5,1,1,0,7,3,3,0,19,0,0,0,43,0,0,1
3621,2015-12-29,FALSE,181,90.50%,100,4,2,2,0,8,2,2,0,0,0,0,1,16,0,0,1,4,0,0,1,2,2,0,1,5,1,1,0,9,1,1,0,9,1,1,0,38,5,5,1
3622,2015-12-29,FALSE,192,96.00%,100,6,0,0,0,9,1,1,0,0,0,0,1,15,1,1,1,4,0,0,1,4,0,0,1,6,0,0,0,9,1,1,0,19,0,0,0,43,0,0,1
3623,2015-12-29,FALSE,173,86.50%,100,6,0,0,0,7,3,3,0,0,2,2,2,14,2,2,2,4,0,0,1,3,1,0,1,3,3,3,0,9,1,1,0,17,2,2,0,37,6,6,1
3624,2015-12-29,FALSE,172,86.00%,100,5,1,1,0,8,2,2,0,0,3,3,1,14,2,2,1,4,0,0,11,4,0,0,1,4,2,2,0,10,0,0,0,18,1,1,0,41,2,2,1
3625,2015-12-29,FALSE,150,75.00%,100,4,2,2,0,6,4,4,0,0,4,4,1,9,7,7,1,4,0,0,1,4,0,0,1,0,6,6,0,6,4,4,0,12,7,7,0,32,11,11,1
3626,2016-01-04,FALSE,189,94.50%,100,6,0,0,0,9,1,1,0,0,1,1,1,14,2,2,1,4,0,0,1,4,0,0,1,6,0,0,0,10,0,0,0,18,1,1,0,42,1,1,1
3627,2016-01-04,FALSE,189,94.50%,100,6,0,0,0,9,1,1,0,0,1,1,1,14,2,2,1,4,0,0,1,4,0,0,1,6,0,0,0,10,0,0,0,18,1,1,0,42,1,1,1
3628,2015-12-29,FALSE,177,88.50%,100,5,1,1,0,9,1,1,0,0,2,2,1,14,2,2,1,4,0,0,1,4,0,0,1,5,1,1,0,8,2,2,0,17,2,2,0,36,7,7,1
3631,2015-12-29,FALSE,173,86.50%,100,5,1,1,0,8,2,2,0,0,1,1,1,15,1,1,1,4,0,0,11,4,0,0,1,6,0,0,0,9,1,1,0,18,1,1,0,38,5,5,1
3634,2015-12-29,TRUE,192,96.00%,100,6,0,0,0,9,1,1,0,0,0,0,2,16,0,0,1,4,0,0,1,4,0,0,1,5,1,1,0,10,0,0,0,19,0,0,0,43,0,0,1
3635,2016-02-22,FALSE,187,93.50%,100,6,0,0,0,8,2,2,0,0,0,0,1,15,1,1,1,4,0,0,1,4,0,0,1,5,1,1,0,8,2,2,0,18,1,1,0,42,1,1,1
3636,2015-12-29,TRUE,179,89.50%,100,6,0,0,0,6,4,4,0,0,1,1,1,14,2,2,1,4,0,0,1,3,1,0,1,6,0,0,0,10,0,0,0,16,3,3,0,38,5,5,1
3639,2016-01-04,FALSE,143,71.50%,100,2,4,4,0,6,4,4,0,0,5,5,1,10,6,6,1,4,0,0,4,3,1,0,1,4,2,2,0,4,6,6,0,13,6,6,0,30,13,13,3
3641,2015-12-29,TRUE,186,93.00%,100,4,2,2,0,8,2,2,0,0,0,0,1,16,0,0,2,4,0,0,1,4,0,0,1,6,0,0,0,9,1,1,0,18,1,1,0,41,2,2,1
3642,2015-12-29,FALSE,191,95.50%,100,5,1,1,0,9,1,1,0,0,0,0,2,15,1,1,1,4,0,0,1,4,0,0,1,6,0,0,0,10,0,0,0,19,0,0,0,43,0,0,1
3644,2016-02-19,FALSE,172,86.00%,100,5,1,1,0,6,4,4,0,0,2,2,1,13,3,3,1,2,2,2,2,3,1,0,1,5,1,1,0,8,2,2,0,17,2,2,0,39,4,4,1
3645,2016-01-04,FALSE,161,80.50%,100,5,1,1,0,6,4,4,0,0,4,4,1,13,3,3,2,2,2,2,1,4,0,0,2,3,3,3,0,6,4,4,0,16,3,3,0,35,8,8,1
3646,2015-12-29,FALSE,166,83.00%,100,3,3,3,0,9,1,1,0,0,0,0,1,12,4,4,2,4,0,0,1,4,0,0,1,3,3,3,0,4,6,6,0,14,5,5,0,37,6,6,1
3950,2015-12-29,TRUE,173,86.50%,100,5,1,1,0,8,2,2,0,0,3,3,1,12,4,4,1,4,0,0,1,4,0,0,1,1,5,5,0,8,2,2,0,18,1,1,0,41,2,2,3
4000,2015-12-29,TRUE,184,92.00%,100,5,1,1,0,8,2,2,0,0,1,1,1,14,2,2,1,4,0,0,1,4,0,0,1,6,0,0,0,7,3,3,0,17,2,2,0,43,0,0,1
4019,2015-12-29,TRUE,174,87.00%,100,3,3,3,0,6,4,4,0,0,3,3,1,12,4,4,1,4,0,0,1,4,0,0,1,5,1,1,0,9,1,1,0,16,3,3,0,41,2,2,1
4025,2015-12-29,TRUE,170,85.00%,100,3,3,3,0,7,3,3,0,0,1,1,1,14,2,2,1,3,1,1,3,2,2,0,1,2,4,4,0,9,1,1,0,17,2,2,0,39,4,4,1
4082,2015-12-29,FALSE,188,94.00%,100,5,1,1,0,9,1,1,0,0,0,0,1,16,0,0,1,0,0,1,1,4,0,0,1,5,1,1,0,8,2,2,0,18,1,1,0,43,0,0,1
4085,2015-12-29,FALSE,146,73.00%,100,4,2,2,0,5,5,5,0,0,3,3,1,10,6,6,2,4,0,0,19,3,1,0,3,3,3,3,0,8,2,2,0,17,2,2,0,39,4,4,1
4088,2015-12-29,FALSE,161,80.50%,100,6,0,0,0,5,5,5,0,0,3,3,3,13,3,3,3,4,0,0,2,4,0,0,2,2,4,4,0,5,5,5,0,16,3,3,0,38,5,5,1
4092,2015-12-29,FALSE,175,87.50%,100,6,0,0,0,7,3,3,0,0,3,3,1,16,0,0,2,4,0,0,4,3,1,0,1,6,0,0,0,8,2,2,0,18,1,1,0,37,6,6,1
4101,2015-12-29,TRUE,174,87.00%,100,6,0,0,0,8,2,2,0,0,3,3,1,16,0,0,1,4,0,0,6,4,0,0,8,5,1,1,0,7,3,3,0,19,0,0,0,43,0,0,1
4106,2015-12-29,FALSE,189,94.50%,100,6,0,0,0,10,0,0,0,0,0,0,1,16,0,0,1,4,0,0,1,4,0,0,1,6,0,0,0,8,2,2,0,18,1,1,0,40,3,3,1
4132,2015-12-29,FALSE,170,85.00%,100,6,0,0,0,8,2,2,0,0,2,2,2,14,2,2,1,4,0,0,8,4,0,0,1,4,2,2,0,8,2,2,0,17,2,2,0,40,3,3,3
4133,2015-12-29,FALSE,66,33.00%,100,5,1,1,0,5,5,5,0,0,7,7,1,12,4,4,27,4,0,0,35,4,0,0,1,4,2,2,0,5,5,5,0,17,2,2,0,35,8,8,36
4135,2015-12-29,FALSE,182,91.00%,100,6,0,0,0,9,1,1,0,0,2,2,1,16,0,0,1,3,1,1,2,3,1,0,1,4,2,2,0,10,0,0,0,18,1,1,0,39,4,4,1
4142,2015-12-29,FALSE,176,88.00%,100,2,4,4,0,5,5,5,0,0,3,3,1,15,1,1,1,4,0,0,1,4,0,0,1,6,0,0,0,7,3,3,0,18,1,1,0,41,2,2,1
4161,2015-12-29,FALSE,130,65.00%,100,4,2,2,0,7,3,3,0,0,1,1,10,12,4,4,30,4,0,0,1,4,0,0,14,6,0,0,0,9,1,1,0,17,2,2,0,42,1,1,1
4223,2015-12-29,FALSE,182,91.00%,100,5,1,1,0,9,1,1,0,0,4,4,1,16,0,0,1,4,0,0,1,4,0,0,1,6,0,0,0,7,3,3,0,17,2,2,0,41,2,2,1
4228,2015-12-29,TRUE,187,93.50%,100,5,1,1,0,9,1,1,0,0,2,2,1,15,1,1,1,4,0,0,1,4,0,0,1,6,0,0,0,9,1,1,0,19,0,0,0,41,2,2,1
4229,2015-12-29,FALSE,178,89.00%,100,5,1,1,0,7,3,3,0,0,3,3,1,16,0,0,1,4,0,0,3,4,0,0,1,5,1,1,0,7,3,3,0,16,3,3,0,42,1,1,1
4230,2015-12-29,FALSE,176,88.00%,100,4,2,2,0,8,2,2,0,0,1,1,6,13,3,3,1,4,0,0,1,4,0,0,1,5,1,1,0,8,2,2,0,18,1,1,0,41,2,2,1
4234,2015-12-29,FALSE,178,89.00%,100,4,2,2,0,10,0,0,0,0,2,2,1,13,3,3,1,4,0,0,1,4,0,0,1,5,1,1,0,7,3,3,0,17,2,2,0,39,4,4,1
4243,2015-12-29,FALSE,187,93.50%,100,6,0,0,0,9,1,1,0,0,0,0,2,13,3,3,1,4,0,0,1,3,1,0,1,5,1,1,0,9,1,1,0,19,0,0,0,43,0,0,1
4244,2015-12-29,FALSE,183,91.50%,100,6,0,0,0,9,1,1,0,0,1,1,1,15,1,1,1,4,0,0,1,0,0,0,1,6,0,0,0,6,4,4,0,18,1,1,0,40,3,3,1
4247,2015-12-29,TRUE,169,84.50%,100,5,1,1,0,7,3,3,0,0,4,4,3,15,1,1,1,3,1,1,4,4,0,0,2,4,2,2,0,6,4,4,0,19,0,0,0,39,4,4,1
4262,2015-12-29,FALSE,182,91.00%,100,6,0,0,0,4,6,6,0,0,0,0,1,15,1,1,1,4,0,0,1,4,0,0,1,5,1,1,0,10,0,0,0,19,0,0,0,39,4,4,2
4265,2015-12-29,FALSE,156,78.00%,100,6,0,0,0,6,4,4,0,0,4,4,1,13,3,3,1,3,1,1,17,4,0,0,1,4,2,2,0,7,3,3,0,15,4,4,0,41,2,2,1
4271,2015-12-29,FALSE,160,80.00%,100,4,2,2,0,6,4,4,0,0,2,2,1,14,2,2,3,3,1,1,10,3,1,0,1,5,1,1,0,7,3,3,0,15,4,4,0,39,4,4,1
4280,2015-12-29,TRUE,179,89.50%,100,4,2,2,0,6,4,4,0,0,1,1,1,14,2,2,1,4,0,0,1,3,1,0,1,4,2,2,0,9,1,1,0,19,0,0,0,40,3,3,1
4282,2015-12-29,FALSE,135,67.50%,100,5,1,1,0,6,4,4,0,0,3,3,2,16,0,0,1,4,0,0,46,4,0,0,1,5,1,1,0,10,0,0,0,19,0,0,0,38,5,5,1
4283,2015-12-29,TRUE,181,90.50%,100,6,0,0,0,10,0,0,0,0,1,1,1,16,0,0,2,4,0,0,3,4,0,0,1,4,2,2,0,7,3,3,0,18,1,1,0,39,4,4,1
4285,2015-12-29,FALSE,140,70.00%,100,6,0,0,0,6,4,4,0,0,3,3,1,13,3,3,1,4,0,0,31,4,0,0,1,2,4,4,0,6,4,4,0,16,3,3,0,39,4,4,1
4286,2015-12-29,TRUE,179,89.50%,100,5,1,1,0,7,3,3,0,0,1,1,1,13,3,3,2,4,0,0,1,4,0,0,2,6,0,0,0,9,1,1,0,17,2,2,0,40,3,3,1
4295,2015-12-29,FALSE,131,65.50%,100,6,0,0,0,8,2,2,0,0,0,0,2,13,3,3,46,2,2,2,1,2,2,0,1,6,0,0,0,9,1,1,0,17,2,2,0,37,6,6,1
4297,2015-12-29,FALSE,168,84.00%,100,5,1,1,0,4,6,6,0,0,6,6,6,14,2,2,1,4,0,0,1,3,1,0,1,3,3,3,0,10,0,0,0,17,2,2,0,42,1,1,1
4298,2015-12-29,FALSE,143,71.50%,100,5,1,1,0,10,0,0,0,0,2,2,1,15,1,1,2,4,0,0,42,4,0,0,1,5,1,1,0,7,3,3,0,18,1,1,0,42,1,1,1
4299,2016-01-04,FALSE,184,92.00%,100,4,2,2,0,8,2,2,0,0,2,2,1,15,1,1,1,4,0,0,1,4,0,0,1,6,0,0,0,9,1,1,0,17,2,2,0,42,1,1,1
4300,2015-12-29,FALSE,123,61.50%,100,2,4,4,0,6,4,4,0,0,3,3,1,5,11,11,1,2,2,2,2,3,1,0,1,2,4,4,0,3,7,7,0,13,6,6,0,14,29,29,1
4303,2015-12-29,FALSE,158,79.00%,100,5,1,1,0,6,4,4,0,0,1,1,1,15,1,1,1,4,0,0,28,4,0,0,1,6,0,0,0,10,0,0,0,17,2,2,0,42,1,1,1
4304,2015-12-29,TRUE,175,87.50%,100,5,1,1,0,8,2,2,0,0,2,2,2,12,4,4,2,4,0,0,1,4,0,0,1,3,3,3,0,9,1,1,0,18,1,1,0,39,4,4,1
4306,2015-12-29,FALSE,178,89.00%,100,4,2,2,0,6,4,4,0,0,0,0,1,15,1,1,1,4,0,0,1,3,1,0,1,3,3,3,0,10,0,0,0,19,0,0,0,37,6,6,1
4307,2015-12-29,FALSE,169,84.50%,100,5,1,1,0,8,2,2,0,0,3,3,1,12,4,4,2,2,2,2,1,4,0,0,1,5,1,1,0,9,1,1,0,18,1,1,0,33,10,10,1
4315,2015-12-29,FALSE,189,94.50%,100,6,0,0,0,8,2,2,0,0,0,0,1,16,0,0,1,4,0,0,1,4,0,0,1,4,2,2,0,10,0,0,0,19,0,0,0,41,2,2,1
4316,2015-12-29,FALSE,158,79.00%,100,4,2,2,0,4,6,6,0,0,3,3,1,11,5,5,1,3,1,1,1,3,1,0,1,3,3,3,0,4,6,6,0,14,5,5,0,38,5,5,1
4341,2015-12-29,FALSE,162,81.00%,100,3,3,3,0,4,6,6,0,0,3,3,1,13,3,3,1,4,0,0,1,4,0,0,1,5,1,1,0,6,4,4,0,14,5,5,0,35,8,8,1
4342,2015-12-29,FALSE,163,81.50%,100,5,1,1,0,7,3,3,0,0,1,1,10,15,1,1,1,3,1,1,2,4,0,0,1,4,2,2,0,8,2,2,0,16,3,3,0,35,8,8,1
4343,2015-12-29,FALSE,162,81.00%,100,5,1,1,0,9,1,1,0,0,4,4,1,13,3,3,2,3,1,1,2,4,0,0,1,4,2,2,0,4,6,6,0,18,1,1,0,31,12,12,1
4344,2015-12-29,FALSE,185,92.50%,100,6,0,0,0,9,1,1,0,0,1,1,1,14,2,2,1,4,0,0,1,4,0,0,1,6,0,0,0,9,1,1,0,17,2,2,0,40,3,3,1
4345,2015-12-29,FALSE,180,90.00%,100,6,0,0,0,8,2,2,0,0,2,2,1,16,0,0,1,4,0,0,1,4,0,0,1,5,1,1,0,10,0,0,0,17,2,2,0,35,8,8,1
4346,2015-12-29,FALSE,173,86.50%,100,5,1,1,0,7,3,3,0,0,1,1,1,14,2,2,1,4,0,0,1,4,0,0,1,3,3,3,0,6,4,4,0,17,2,2,0,37,6,6,1
4347,2015-12-29,FALSE,178,89.00%,100,6,0,0,0,9,1,1,0,0,3,3,1,15,1,1,1,4,0,0,1,3,1,0,1,4,2,2,0,7,3,3,0,15,4,4,0,41,2,2,1
4348,2015-12-29,FALSE,80,40.00%,100,2,4,4,0,5,5,5,0,0,3,3,13,12,4,4,7,3,1,1,63,2,2,0,1,4,2,2,0,7,3,3,0,17,2,2,0,34,9,9,1
4349,2015-12-29,FALSE,160,80.00%,100,3,3,3,0,5,5,5,0,0,6,6,2,13,3,3,1,3,1,1,3,4,0,0,1,3,3,3,0,8,2,2,0,13,6,6,0,40,3,3,1
4350,2015-12-29,FALSE,185,92.50%,100,5,1,1,0,8,2,2,0,0,2,2,1,15,1,1,1,4,0,0,1,4,0,0,1,6,0,0,0,9,1,1,0,18,1,1,0,41,2,2,1
4351,2015-12-29,FALSE,184,92.00%,100,5,1,1,0,6,4,4,0,0,2,2,1,16,0,0,1,4,0,0,1,4,0,0,1,5,1,1,0,10,0,0,0,19,0,0,0,40,3,3,1
4352,2015-12-29,FALSE,134,67.00%,100,4,2,2,0,7,3,3,0,0,2,2,3,13,3,3,2,4,0,0,27,4,0,0,1,4,2,2,0,7,3,3,0,12,7,7,0,33,10,10,1
4353,2015-12-29,FALSE,173,86.50%,100,3,3,3,0,7,3,3,0,0,2,2,1,16,0,0,1,4,0,0,10,4,0,0,2,6,0,0,0,10,0,0,0,18,1,1,0,40,3,3,1
4354,2015-12-29,FALSE,176,88.00%,100,5,1,1,0,7,3,3,0,0,2,2,1,14,2,2,1,2,2,2,1,4,0,0,1,5,1,1,0,10,0,0,0,18,1,1,0,36,7,7,1
4355,2015-12-29,TRUE,187,93.50%,100,5,1,1,0,7,3,3,0,0,0,0,1,15,1,1,1,4,0,0,1,4,0,0,1,5,1,1,0,10,0,0,0,19,0,0,0,41,2,2,1
4356,2015-12-29,TRUE,163,81.50%,100,5,1,1,0,7,3,3,0,0,3,3,2,13,3,3,1,4,0,0,8,4,0,0,1,3,3,3,0,10,0,0,0,14,5,5,0,37,6,6,1
4357,2015-12-29,FALSE,167,83.50%,100,5,1,1,0,7,3,3,0,0,3,3,4,15,1,1,1,4,0,0,5,4,0,0,1,6,0,0,0,7,3,3,0,16,3,3,0,36,7,7,1
4358,2015-12-29,FALSE,170,85.00%,100,6,0,0,0,9,1,1,0,0,3,3,1,15,1,1,1,4,0,0,14,3,1,0,1,6,0,0,0,9,1,1,0,19,0,0,0,38,5,5,1
4359,2016-01-04,FALSE,142,71.00%,100,4,2,2,0,7,3,3,0,0,3,3,3,14,2,2,1,4,0,0,16,4,0,0,1,4,2,2,0,8,2,2,0,16,3,3,0,24,19,19,1
4360,2015-12-29,FALSE,156,78.00%,100,3,3,3,0,8,2,2,0,0,0,0,1,13,3,3,1,4,0,0,11,4,0,0,1,5,1,1,0,7,3,3,0,17,2,2,0,28,15,15,1
4362,2015-12-29,FALSE,153,76.50%,100,5,1,1,0,4,6,6,0,0,4,4,1,13,3,3,1,4,0,0,2,3,1,0,1,2,4,4,0,7,3,3,0,16,3,3,0,27,16,16,1
4363,2015-12-29,FALSE,172,86.00%,100,6,0,0,0,6,4,4,0,0,0,0,1,14,2,2,2,4,0,0,1,4,0,0,1,5,1,1,0,10,0,0,0,16,3,3,0,31,12,12,1
4364,2015-12-29,TRUE,154,77.00%,100,5,1,1,0,8,2,2,0,0,3,3,1,15,1,1,1,4,0,0,1,2,2,0,1,4,2,2,0,9,1,1,0,17,2,2,0,16,27,27,1
4365,2015-12-29,FALSE,160,80.00%,100,2,4,4,0,8,2,2,0,0,3,3,1,14,2,2,1,3,1,1,3,4,0,0,1,1,5,5,0,7,3,3,0,11,8,8,0,38,5,5,1
4719,2016-02-22,FALSE,171,85.50%,100,4,2,2,0,7,3,3,0,0,2,2,1,12,4,4,1,3,1,1,1,4,0,0,1,3,3,3,0,7,3,3,0,17,2,2,0,39,4,4,1
4767,2016-02-22,FALSE,139,69.50%,100,4,2,2,0,4,6,6,0,0,3,3,1,13,3,3,1,2,2,2,20,4,0,0,1,5,1,1,0,6,4,4,0,13,6,6,0,33,10,10,1
4931,2016-02-25,FALSE,159,79.50%,100,4,2,2,0,8,2,2,0,0,3,3,1,15,1,1,1,3,1,1,1,3,1,0,1,3,3,3,0,8,2,2,0,16,3,3,0,25,18,18,1
4932,2016-02-22,FALSE,182,91.00%,100,6,0,0,0,7,3,3,0,0,2,2,1,16,0,0,1,3,1,1,1,4,0,0,1,4,2,2,0,10,0,0,0,18,1,1,0,39,4,4,1
4933,2016-02-22,FALSE,151,75.50%,100,4,2,2,0,7,3,3,0,0,1,1,2,10,6,6,1,4,0,0,25,4,0,0,1,6,0,0,0,9,1,1,0,15,4,4,0,41,2,2,1
4934,2016-03-01,FALSE,166,83.00%,100,5,1,1,0,8,2,2,0,0,4,4,1,16,0,0,1,3,1,1,8,4,0,0,1,4,2,2,0,7,3,3,0,16,3,3,0,38,5,5,2
4935,2016-02-22,FALSE,173,86.50%,100,3,3,3,0,8,2,2,0,0,1,1,1,12,4,4,1,4,0,0,7,4,0,0,1,5,1,1,0,9,1,1,0,18,1,1,0,40,3,3,1
4937,2016-02-22,FALSE,146,73.00%,100,5,1,1,0,6,4,4,0,0,1,1,2,9,7,7,4,4,0,0,19,4,0,0,1,2,4,4,0,7,3,3,0,16,3,3,0,39,4,4,1
4938,2016-02-22,TRUE,181,90.50%,100,6,0,0,0,8,2,2,0,0,3,3,4,16,0,0,1,4,0,0,4,4,0,0,1,6,0,0,0,10,0,0,0,17,2,2,0,42,1,1,1
4940,2016-02-25,FALSE,179,89.50%,100,4,2,2,0,9,1,1,0,0,2,2,1,14,2,2,1,4,0,0,1,4,0,0,1,6,0,0,0,6,4,4,0,17,2,2,0,40,3,3,1
4946,2016-02-22,FALSE,178,89.00%,100,6,0,0,0,7,3,3,0,0,4,4,1,15,1,1,1,4,0,0,1,4,0,0,1,4,2,2,0,9,1,1,0,19,0,0,0,37,6,6,1
4948,2016-03-08,FALSE,175,87.50%,100,3,3,3,0,9,1,1,0,0,2,2,1,13,3,3,1,4,0,0,2,4,0,0,1,5,1,1,0,8,2,2,0,16,3,3,0,39,4,4,1
4950,2016-02-22,TRUE,179,89.50%,100,3,3,3,0,9,1,1,0,0,4,4,1,15,1,1,1,4,0,0,1,4,0,0,1,4,2,2,0,8,2,2,0,19,0,0,0,40,3,3,1
4951,2016-02-25,FALSE,165,82.50%,100,2,4,4,0,4,6,6,0,0,4,4,1,11,5,5,2,3,1,1,2,3,1,0,1,5,1,1,0,8,2,2,0,17,2,2,0,41,2,2,1
4952,2016-02-22,FALSE,189,94.50%,100,6,0,0,0,8,2,2,0,0,0,0,1,14,2,2,1,4,0,0,1,4,0,0,1,6,0,0,0,10,0,0,0,19,0,0,0,41,2,2,1
4954,2016-03-08,FALSE,174,87.00%,100,5,1,1,0,5,5,5,0,0,3,3,1,13,3,3,1,2,2,2,3,4,0,0,1,5,1,1,0,9,1,1,0,18,1,1,0,41,2,2,1
4955,2016-02-22,FALSE,172,86.00%,100,4,2,2,0,8,2,2,0,0,3,3,1,13,3,3,1,4,0,0,1,3,1,0,1,5,1,1,0,7,3,3,0,16,3,3,0,38,5,5,1
4956,2016-02-22,FALSE,164,82.00%,100,5,1,1,0,9,1,1,0,0,3,3,4,12,4,4,1,4,0,0,1,4,0,0,2,5,1,1,0,9,1,1,0,14,5,5,0,36,7,7,5
4957,2016-02-22,FALSE,174,87.00%,100,6,0,0,0,7,3,3,0,0,3,3,1,13,3,3,1,4,0,0,1,3,1,0,1,5,1,1,0,7,3,3,0,16,3,3,0,39,4,4,1
4958,2016-02-22,FALSE,176,88.00%,100,6,0,0,0,8,2,2,0,0,3,3,1,14,2,2,1,3,1,1,1,4,0,0,1,3,3,3,0,10,0,0,0,19,0,0,0,36,7,7,2
4962,2016-02-22,FALSE,184,92.00%,100,4,2,2,0,9,1,1,0,0,0,0,2,15,1,1,1,4,0,0,1,3,1,0,1,6,0,0,0,9,1,1,0,17,2,2,0,41,2,2,1
4965,2016-02-19,FALSE,157,78.50%,100,5,1,1,0,8,2,2,0,0,3,3,1,14,2,2,1,4,0,0,14,4,0,0,1,5,1,1,0,5,5,5,0,17,2,2,0,34,9,9,1
4966,2016-02-25,FALSE,179,89.50%,100,6,0,0,0,6,4,4,0,0,1,1,1,14,2,2,1,4,0,0,1,4,0,0,1,6,0,0,0,7,3,3,0,17,2,2,0,39,4,4,1
4969,2016-02-25,TRUE,182,91.00%,100,6,0,0,0,7,3,3,0,0,4,4,1,15,1,1,1,4,0,0,1,3,1,0,1,5,1,1,0,9,1,1,0,18,1,1,0,42,1,1,1
4994,2016-03-11,TRUE,187,93.50%,100,6,0,0,0,9,1,1,0,0,1,1,1,15,1,1,3,4,0,0,1,4,0,0,2,6,0,0,0,10,0,0,0,18,1,1,0,42,1,1,1
5006,2016-02-22,TRUE,161,80.50%,100,6,0,0,0,8,2,2,0,0,3,3,1,13,3,3,1,4,0,0,13,4,0,0,1,6,0,0,0,7,3,3,0,17,2,2,0,34,9,9,1
5007,2016-02-22,FALSE,177,88.50%,100,6,0,0,0,9,1,1,0,0,3,3,1,14,2,2,7,4,0,0,2,4,0,0,1,6,0,0,0,9,1,1,0,17,2,2,0,41,2,2,1
5010,2016-02-25,FALSE,188,94.00%,100,5,1,1,0,10,0,0,0,0,1,1,1,16,0,0,1,4,0,0,1,3,1,0,1,5,1,1,0,8,2,2,0,18,1,1,0,43,0,0,1
5012,2016-02-22,TRUE,149,74.50%,100,4,2,2,0,7,3,3,0,0,3,3,1,13,3,3,1,4,0,0,10,2,2,0,1,4,2,2,0,5,5,5,0,18,1,1,0,27,16,16,1
5017,2016-02-25,FALSE,164,82.00%,100,4,2,2,0,8,2,2,0,0,2,2,1,15,1,1,1,4,0,0,4,4,0,0,1,3,3,3,0,6,4,4,0,14,5,5,0,34,9,9,1
5021,2016-02-22,FALSE,181,90.50%,100,4,2,2,0,8,2,2,0,0,3,3,1,15,1,1,1,4,0,0,1,4,0,0,1,5,1,1,0,10,0,0,0,19,0,0,0,38,5,5,1
5023,2016-02-25,FALSE,169,84.50%,100,5,1,1,0,8,2,2,0,0,2,2,1,13,3,3,6,4,0,0,1,4,0,0,2,5,1,1,0,7,3,3,0,18,1,1,0,36,7,7,1
5029,2016-02-22,FALSE,187,93.50%,100,6,0,0,0,7,3,3,0,0,1,1,1,16,0,0,1,4,0,0,1,3,1,0,1,6,0,0,0,10,0,0,0,18,1,1,0,41,2,2,1
5033,2016-02-22,FALSE,166,83.00%,100,4,2,2,0,4,6,6,0,0,2,2,1,13,3,3,1,4,0,0,1,3,1,0,1,5,1,1,0,5,5,5,0,16,3,3,0,37,6,6,1
5035,2016-02-22,FALSE,128,64.00%,100,3,3,3,0,7,3,3,0,0,1,1,1,10,6,6,2,3,1,1,30,4,0,0,1,4,2,2,0,7,3,3,0,15,4,4,0,29,14,14,1
5036,2016-02-22,FALSE,177,88.50%,100,4,2,2,0,8,2,2,0,0,3,3,1,11,5,5,1,4,0,0,2,4,0,0,1,4,2,2,0,9,1,1,0,18,1,1,0,42,1,1,1
5037,2016-02-25,FALSE,182,91.00%,100,6,0,0,0,9,1,1,0,0,0,0,1,13,3,3,1,4,0,0,4,4,0,0,1,5,1,1,0,9,1,1,0,18,1,1,0,40,3,3,1
5039,2016-02-22,FALSE,175,87.50%,100,5,1,1,0,6,4,4,0,0,1,1,2,15,1,1,1,4,0,0,1,3,1,0,1,4,2,2,0,8,2,2,0,16,3,3,0,39,4,4,1
5041,2016-02-25,TRUE,184,92.00%,100,5,1,1,0,7,3,3,0,0,2,2,1,16,0,0,1,3,1,1,1,4,0,0,1,3,3,3,0,10,0,0,0,19,0,0,0,42,1,1,1
5053,2016-02-22,FALSE,179,89.50%,100,5,1,1,0,9,1,1,0,0,3,3,2,15,1,1,1,4,0,0,1,4,0,0,1,5,1,1,0,8,2,2,0,19,0,0,0,39,4,4,3
5059,2016-03-08,FALSE,151,75.50%,100,4,2,2,0,7,3,3,0,0,4,4,1,0,0,4,7,4,0,0,1,4,0,0,1,4,2,2,0,8,2,2,0,15,4,4,0,26,17,17,1
5060,2016-02-22,FALSE,175,87.50%,100,6,0,0,0,9,1,1,0,0,1,1,1,15,1,1,1,4,0,0,2,4,0,0,1,5,1,1,0,9,1,1,0,12,7,7,0,36,7,7,1
5061,2016-02-25,TRUE,181,90.50%,100,6,0,0,0,8,2,2,0,0,0,0,1,15,1,1,1,4,0,0,1,4,0,0,1,4,2,2,0,10,0,0,0,17,2,2,0,36,7,7,1
5065,2016-02-25,TRUE,185,92.50%,100,5,1,1,0,7,3,3,0,0,0,0,1,14,2,2,1,4,0,0,1,3,1,0,1,6,0,0,0,10,0,0,0,17,2,2,0,42,1,1,1
5088,2016-03-17,FALSE,168,84.00%,100,5,1,1,0,8,2,2,0,0,2,2,2,12,4,4,1,4,0,0,10,4,0,0,1,4,2,2,0,9,1,1,0,15,4,4,0,42,1,1,1
5135,2016-03-17,FALSE,168,84.00%,100,5,1,1,0,7,3,3,0,0,3,3,1,15,1,1,1,4,0,0,10,4,0,0,1,4,2,2,0,7,3,3,0,18,1,1,0,39,4,4,1
5141,2016-03-08,FALSE,191,95.50%,100,6,0,0,0,8,2,2,0,0,1,1,1,15,1,1,1,4,0,0,1,4,0,0,1,6,0,0,0,10,0,0,0,19,0,0,0,43,0,0,1
5144,2016-02-22,FALSE,164,82.00%,100,3,3,3,0,9,1,1,0,0,0,0,2,13,3,3,1,4,0,0,1,4,0,0,1,5,1,1,0,6,4,4,0,16,3,3,0,28,15,15,1
5149,2016-02-25,FALSE,173,86.50%,100,5,1,1,0,7,3,3,0,0,0,0,1,15,1,1,1,4,0,0,6,3,1,0,1,3,3,3,0,9,1,1,0,16,3,3,0,39,4,4,1
5150,2016-02-22,FALSE,124,62.00%,100,4,2,2,0,5,5,5,0,0,4,4,10,13,3,3,11,4,0,0,13,4,0,0,1,6,0,0,0,8,2,2,0,16,3,3,0,37,6,6,16
5152,2016-03-01,FALSE,148,74.00%,100,5,1,1,0,8,2,2,0,0,4,4,1,15,1,1,3,4,0,0,5,4,0,0,25,3,3,3,0,9,1,1,0,19,0,0,0,38,5,5,1
5153,2016-03-08,FALSE,180,90.00%,100,6,0,0,0,8,2,2,0,0,3,3,1,15,1,1,1,4,0,0,4,4,0,0,1,4,2,2,0,9,1,1,0,19,0,0,0,40,3,3,1
5158,2016-03-22,TRUE,174,87.00%,100,4,2,2,0,6,4,4,0,0,3,3,3,15,1,1,1,4,0,0,1,4,0,0,1,4,2,2,0,8,2,2,0,18,1,1,0,39,4,4,1
5161,2016-03-17,TRUE,173,86.50%,100,2,4,4,0,8,2,2,0,0,3,3,2,13,3,3,1,4,0,0,1,4,0,0,1,2,4,4,0,9,1,1,0,18,1,1,0,40,3,3,1
5162,2016-02-22,TRUE,173,86.50%,100,4,2,2,0,8,2,2,0,0,0,0,1,10,6,6,1,4,0,0,2,4,0,0,2,5,1,1,0,9,1,1,0,16,3,3,0,38,5,5,1
5163,2016-03-17,TRUE,184,92.00%,100,6,0,0,0,7,3,3,0,0,0,0,1,15,1,1,2,4,0,0,1,4,0,0,1,4,2,2,0,10,0,0,0,19,0,0,0,40,3,3,2
5165,2016-03-17,FALSE,142,71.00%,100,6,0,0,0,7,3,3,0,0,4,4,1,13,3,3,1,4,0,0,21,3,1,0,1,4,2,2,0,8,2,2,0,14,5,5,0,31,12,12,2
5166,2016-03-01,TRUE,188,94.00%,100,5,1,1,0,10,0,0,0,0,1,1,1,15,1,1,1,4,0,0,1,4,0,0,1,6,0,0,0,10,0,0,0,18,1,1,0,40,3,3,1
5172,2016-03-11,FALSE,178,89.00%,100,5,1,1,0,9,1,1,0,0,4,4,2,14,2,2,1,4,0,0,7,3,1,0,1,5,1,1,0,10,0,0,0,19,0,0,0,43,0,0,1
5179,2016-02-22,TRUE,182,91.00%,100,6,0,0,0,7,3,3,0,0,3,3,1,15,1,1,1,4,0,0,3,4,0,0,1,4,2,2,0,10,0,0,0,19,0,0,0,41,2,2,1
5183,2016-03-17,FALSE,184,92.00%,100,6,0,0,0,8,2,2,0,0,3,3,1,15,1,1,1,4,0,0,1,3,1,0,1,6,0,0,0,8,2,2,0,19,0,0,0,41,2,2,1
5184,2016-03-20,TRUE,143,71.50%,100,6,0,0,0,6,4,4,0,0,4,4,2,12,4,4,3,4,0,0,26,3,1,0,1,2,4,4,0,10,0,0,0,18,1,1,0,37,6,6,1
5188,2016-03-30,TRUE,163,81.50%,100,6,0,0,0,6,4,4,0,0,2,2,1,14,2,2,4,4,0,0,8,4,0,0,1,5,1,1,0,6,4,4,0,14,5,5,0,39,4,4,1
5189,2016-03-17,FALSE,156,78.00%,100,6,0,0,0,4,6,6,0,0,4,4,1,14,2,2,2,4,0,0,16,3,1,0,1,6,0,0,0,9,1,1,0,18,1,1,0,38,5,5,4
5191,2016-02-22,FALSE,129,64.50%,100,4,2,2,0,7,3,3,0,0,4,4,1,8,8,8,1,2,2,2,1,3,1,0,1,3,3,3,0,0,10,10,0,13,6,6,0,16,27,27,1
5194,2016-02-25,FALSE,171,85.50%,100,2,4,4,0,5,5,5,0,0,4,4,1,0,0,1,1,3,1,1,7,3,1,0,1,5,1,1,0,10,0,0,0,18,1,1,0,43,0,0,1
5196,2016-02-22,FALSE,174,87.00%,100,5,1,1,0,8,2,2,0,0,4,4,1,16,0,0,3,4,0,0,1,4,0,0,1,4,2,2,0,9,1,1,0,18,1,1,0,35,8,8,1
5199,2016-03-20,FALSE,161,80.50%,100,6,0,0,0,9,1,1,0,0,2,2,1,16,0,0,1,4,0,0,22,4,0,0,1,6,0,0,0,6,4,4,0,18,1,1,0,39,4,4,2
5203,2016-02-25,FALSE,132,66.00%,100,3,3,3,0,6,4,4,0,0,4,4,12,15,1,1,5,4,0,0,30,4,0,0,1,4,2,2,0,10,0,0,0,18,1,1,0,39,4,4,1
5209,2016-03-08,FALSE,166,83.00%,100,4,2,2,0,8,2,2,0,0,1,1,1,15,1,1,1,4,0,0,5,4,0,0,3,5,1,1,0,6,4,4,0,18,1,1,0,39,4,4,8
5211,2016-02-22,TRUE,192,96.00%,100,6,0,0,0,9,1,1,0,0,0,0,1,16,0,0,1,4,0,0,1,4,0,0,1,6,0,0,0,10,0,0,0,18,1,1,0,42,1,1,1
5217,2016-03-29,FALSE,153,76.50%,100,5,1,1,0,6,4,4,0,0,2,2,1,13,3,3,1,3,1,1,8,2,2,0,1,2,4,4,0,8,2,2,0,15,4,4,0,31,12,12,1
5224,2016-03-01,FALSE,186,93.00%,100,5,1,1,0,8,2,2,0,0,0,0,1,15,1,1,1,4,0,0,1,4,0,0,1,6,0,0,0,10,0,0,0,16,3,3,0,41,2,2,1
5225,2016-03-17,FALSE,184,92.00%,100,5,1,1,0,9,1,1,0,0,1,1,1,14,2,2,1,4,0,0,2,4,0,0,1,6,0,0,0,9,1,1,0,18,1,1,0,40,3,3,1
5230,2016-03-08,TRUE,184,92.00%,100,5,1,1,0,8,2,2,0,0,0,0,1,14,2,2,2,4,0,0,1,4,0,0,2,5,1,1,0,10,0,0,0,19,0,0,0,40,3,3,1
5231,2016-02-25,FALSE,171,85.50%,100,4,2,2,0,7,3,3,0,0,4,4,1,15,1,1,1,4,0,0,3,3,1,0,2,5,1,1,0,8,2,2,0,16,3,3,0,41,2,2,3
5235,2016-02-22,FALSE,151,75.50%,100,3,3,3,0,4,6,6,0,0,2,2,2,11,5,5,1,4,0,0,2,4,0,0,1,1,5,5,0,7,3,3,0,16,3,3,0,28,15,15,1
5237,2016-03-17,FALSE,176,88.00%,100,5,1,1,0,8,2,2,0,0,2,2,1,15,1,1,3,4,0,0,5,3,1,0,1,6,0,0,0,10,0,0,0,17,2,2,0,39,4,4,1
5242,2016-03-08,FALSE,169,84.50%,100,5,1,1,0,6,4,4,0,0,2,2,1,15,1,1,1,4,0,0,5,3,1,0,1,3,3,3,0,7,3,3,0,16,3,3,0,39,4,4,1
5247,2016-02-22,TRUE,181,90.50%,100,4,2,2,0,9,1,1,0,0,3,3,2,15,1,1,1,4,0,0,1,4,0,0,1,5,1,1,0,8,2,2,0,18,1,1,0,41,2,2,1
5253,2016-03-29,TRUE,185,92.50%,100,6,0,0,0,9,1,1,0,0,2,2,3,15,1,1,1,4,0,0,1,4,0,0,1,6,0,0,0,10,0,0,0,18,1,1,0,40,3,3,1
5256,2016-03-17,FALSE,169,84.50%,100,5,1,1,0,6,4,4,0,0,0,0,1,13,3,3,1,4,0,0,1,4,0,0,1,1,5,5,0,9,1,1,0,14,5,5,0,36,7,7,1
5260,2016-03-17,FALSE,151,75.50%,100,3,3,3,0,7,3,3,0,0,4,4,2,7,9,9,2,3,1,1,2,4,0,0,2,3,3,3,0,6,4,4,0,12,7,7,0,37,6,6,1
5370,2015-12-29,TRUE,182,91.00%,100,6,0,0,0,7,3,3,0,0,2,2,1,15,1,1,1,4,0,0,1,4,0,0,1,4,2,2,0,8,2,2,0,18,1,1,0,41,2,2,1
5376,2015-12-29,TRUE,184,92.00%,100,6,0,0,0,8,2,2,0,0,2,2,1,13,3,3,1,4,0,0,1,4,0,0,1,5,1,1,0,10,0,0,0,17,2,2,0,42,1,1,1
5472,2015-12-29,TRUE,178,89.00%,100,6,0,0,0,7,3,3,0,0,1,1,1,14,2,2,1,4,0,0,1,4,0,0,10,6,0,0,0,10,0,0,0,19,0,0,0,41,2,2,1
5473,2015-12-29,FALSE,174,87.00%,100,5,1,1,0,9,1,1,0,0,2,2,1,16,0,0,1,4,0,0,10,4,0,0,1,6,0,0,0,7,3,3,0,16,3,3,0,41,2,2,1
5483,2015-12-29,TRUE,180,90.00%,100,6,0,0,0,8,2,2,0,0,3,3,1,15,1,1,1,4,0,0,6,4,0,0,2,6,0,0,0,8,2,2,0,18,1,1,0,43,0,0,1
5490,2016-01-04,FALSE,167,83.50%,100,5,1,1,0,6,4,4,0,0,0,0,1,13,3,3,2,4,0,0,5,4,0,0,1,2,4,4,0,6,4,4,0,16,3,3,0,39,4,4,1
5493,2015-12-29,FALSE,161,80.50%,100,5,1,1,0,9,1,1,0,0,0,0,2,15,1,1,3,4,0,0,19,4,0,0,1,5,1,1,0,8,2,2,0,19,0,0,0,38,5,5,3
5547,2015-12-29,FALSE,135,67.50%,100,5,1,1,0,5,5,5,0,0,2,2,5,15,1,1,1,4,0,0,36,3,1,0,1,4,2,2,0,6,4,4,0,18,1,1,0,39,4,4,1
5552,2015-12-29,TRUE,187,93.50%,100,6,0,0,0,9,1,1,0,0,1,1,2,14,2,2,1,4,0,0,1,4,0,0,1,4,2,2,0,10,0,0,0,18,1,1,0,43,0,0,1
5560,2016-01-04,FALSE,176,88.00%,100,4,2,2,0,6,4,4,0,0,2,2,2,16,0,0,5,4,0,0,1,4,0,0,1,6,0,0,0,7,3,3,0,18,1,1,0,41,2,2,1
5562,2015-12-30,FALSE,179,89.50%,100,4,2,2,0,7,3,3,0,0,1,1,1,13,3,3,1,4,0,0,1,3,1,0,1,5,1,1,0,10,0,0,0,17,2,2,0,40,3,3,1
5572,2015-12-29,FALSE,166,83.00%,100,4,2,2,0,8,2,2,0,0,3,3,1,10,6,6,1,4,0,0,1,3,1,0,1,4,2,2,0,7,3,3,0,16,3,3,0,36,7,7,1
5574,2015-12-29,TRUE,180,90.00%,100,4,2,2,0,6,4,4,0,0,0,0,2,14,2,2,1,4,0,0,1,4,0,0,1,3,3,3,0,9,1,1,0,18,1,1,0,42,1,1,1
5577,2016-01-06,FALSE,146,73.00%,100,6,0,0,0,7,3,3,0,0,2,2,6,14,2,2,27,4,0,0,2,3,1,0,1,4,2,2,0,8,2,2,0,18,1,1,0,39,4,4,1
5583,2016-01-06,FALSE,175,87.50%,100,4,2,2,0,9,1,1,0,0,0,0,1,11,5,5,1,3,1,1,1,4,0,0,1,3,3,3,0,6,4,4,0,15,4,4,0,43,0,0,1
5588,2015-12-29,FALSE,171,85.50%,100,6,0,0,0,5,5,5,0,0,3,3,2,13,3,3,1,3,1,1,1,2,2,0,1,6,0,0,0,6,4,4,0,15,4,4,0,42,1,1,1
5589,2015-12-29,FALSE,153,76.50%,100,4,2,2,0,9,1,1,0,0,0,0,1,15,1,1,1,4,0,0,33,4,0,0,3,5,1,1,0,9,1,1,0,19,0,0,0,41,2,2,1
5590,2015-12-29,FALSE,162,81.00%,100,5,1,1,0,7,3,3,0,0,3,3,5,14,2,2,3,4,0,0,9,4,0,0,1,4,2,2,0,6,4,4,0,18,1,1,0,40,3,3,1
5591,2015-12-29,FALSE,178,89.00%,100,4,2,2,0,9,1,1,0,0,2,2,1,14,2,2,1,4,0,0,1,4,0,0,1,5,1,1,0,5,5,5,0,18,1,1,0,40,3,3,1
5592,2016-01-06,TRUE,189,94.50%,100,6,0,0,0,9,1,1,0,0,1,1,1,14,2,2,1,4,0,0,1,4,0,0,1,4,2,2,0,10,0,0,0,19,0,0,0,43,0,0,1
5595,2016-01-04,TRUE,165,82.50%,100,3,3,3,0,6,4,4,0,0,3,3,2,15,1,1,1,4,0,0,1,4,0,0,1,4,2,2,0,8,2,2,0,14,5,5,0,34,9,9,1
5598,2016-01-07,FALSE,178,89.00%,100,6,0,0,0,7,3,3,0,0,2,2,1,14,2,2,1,4,0,0,1,4,0,0,1,5,1,1,0,6,4,4,0,17,2,2,0,40,3,3,1
5599,2015-12-29,FALSE,170,85.00%,100,5,1,1,0,6,4,4,0,0,3,3,1,12,4,4,2,4,0,0,2,4,0,0,1,4,2,2,0,8,2,2,0,17,2,2,0,38,5,5,1
5600,2015-12-29,FALSE,144,72.00%,100,5,1,1,0,7,3,3,0,0,3,3,1,12,4,4,1,3,1,1,2,3,1,0,1,2,4,4,0,6,4,4,0,16,3,3,0,22,21,21,6
5601,2015-12-29,FALSE,183,91.50%,100,6,0,0,0,9,1,1,0,0,4,4,2,15,1,1,1,4,0,0,1,4,0,0,1,6,0,0,0,8,2,2,0,17,2,2,0,42,1,1,1
5602,2015-12-29,FALSE,168,84.00%,100,5,1,1,0,8,2,2,0,0,3,3,1,13,3,3,1,4,0,0,11,4,0,0,1,3,3,3,0,9,1,1,0,17,2,2,0,41,2,2,1
5606,2016-01-04,FALSE,170,85.00%,100,5,1,1,0,6,4,4,0,0,1,1,5,15,1,1,3,4,0,0,1,3,1,0,1,3,3,3,0,8,2,2,0,17,2,2,0,39,4,4,1
5609,2015-12-29,FALSE,168,84.00%,100,6,0,0,0,7,3,3,0,0,4,4,1,12,4,4,1,3,1,1,9,4,0,0,1,4,2,2,0,9,1,1,0,18,1,1,0,40,3,3,1
5611,2015-12-29,FALSE,174,87.00%,100,5,1,1,0,5,5,5,0,0,3,3,1,15,1,1,1,4,0,0,4,4,0,0,1,5,1,1,0,9,1,1,0,17,2,2,0,39,4,4,1
5612,2015-12-30,FALSE,158,79.00%,100,3,3,3,0,7,3,3,0,0,4,4,1,9,7,7,2,3,1,1,4,4,0,0,1,4,2,2,0,8,2,2,0,17,2,2,0,34,9,9,1
5615,2016-01-04,FALSE,181,90.50%,100,6,0,0,0,8,2,2,0,0,2,2,1,13,3,3,1,4,0,0,1,3,1,0,2,6,0,0,0,8,2,2,0,19,0,0,0,40,3,3,1
5616,2016-01-04,FALSE,172,86.00%,100,3,3,3,0,4,6,6,0,0,0,0,1,13,3,3,1,4,0,0,1,3,1,0,1,6,0,0,0,7,3,3,0,16,3,3,0,39,4,4,1
5618,2015-12-29,FALSE,170,85.00%,100,4,2,2,0,9,1,1,0,0,0,0,1,10,6,6,1,4,0,0,3,3,1,0,1,5,1,1,0,5,5,5,0,15,4,4,0,40,3,3,1
5619,2015-12-29,TRUE,177,88.50%,100,6,0,0,0,8,2,2,0,0,1,1,2,13,3,3,1,4,0,0,1,4,0,0,1,2,4,4,0,10,0,0,0,17,2,2,0,38,5,5,1
5620,2015-12-29,FALSE,180,90.00%,100,6,0,0,0,7,3,3,0,0,2,2,2,14,2,2,1,4,0,0,3,4,0,0,1,5,1,1,0,9,1,1,0,17,2,2,0,42,1,1,1
5636,2015-12-29,FALSE,160,80.00%,100,5,1,1,0,5,5,5,0,0,4,4,1,13,3,3,1,4,0,0,17,3,1,0,1,6,0,0,0,10,0,0,0,19,0,0,0,38,5,5,1
5637,2015-12-29,FALSE,144,72.00%,100,6,0,0,0,8,2,2,0,0,2,2,1,13,3,3,1,3,1,1,37,4,0,0,1,6,0,0,0,8,2,2,0,17,2,2,0,40,3,3,1
5638,2015-12-29,TRUE,174,87.00%,100,6,0,0,0,8,2,2,0,0,4,4,6,16,0,0,5,4,0,0,1,4,0,0,1,5,1,1,0,10,0,0,0,18,1,1,0,39,4,4,1
5639,2015-12-29,FALSE,173,86.50%,100,5,1,1,0,7,3,3,0,0,4,4,2,14,2,2,1,4,0,0,6,4,0,0,1,4,2,2,0,10,0,0,0,19,0,0,0,39,4,4,1
5640,2015-12-29,FALSE,163,81.50%,100,4,2,2,0,5,5,5,0,0,2,2,1,15,1,1,1,4,0,0,1,4,0,0,1,5,1,1,0,6,4,4,0,15,4,4,0,30,13,13,1
5641,2015-12-29,FALSE,179,89.50%,100,5,1,1,0,9,1,1,0,0,0,0,2,14,2,2,1,4,0,0,7,4,0,0,2,4,2,2,0,9,1,1,0,19,0,0,0,43,0,0,2
5642,2016-01-04,FALSE,184,92.00%,100,5,1,1,0,7,3,3,0,0,2,2,1,14,2,2,1,4,0,0,1,4,0,0,1,6,0,0,0,9,1,1,0,19,0,0,0,41,2,2,1
5643,2015-12-29,FALSE,168,84.00%,100,5,1,1,0,6,4,4,0,0,4,4,1,10,6,6,1,4,0,0,1,3,1,0,1,5,1,1,0,7,3,3,0,18,1,1,0,37,6,6,1
5644,2015-12-29,FALSE,188,94.00%,100,5,1,1,0,7,3,3,0,0,0,0,1,14,2,2,1,4,0,0,1,4,0,0,1,6,0,0,0,9,1,1,0,19,0,0,0,43,0,0,1
5646,2016-01-06,FALSE,160,80.00%,100,4,2,2,0,6,4,4,0,0,4,4,1,8,8,8,1,3,1,1,1,4,0,0,1,6,0,0,0,6,4,4,0,15,4,4,0,35,8,8,1
5647,2015-12-29,FALSE,159,79.50%,100,4,2,2,0,4,6,6,0,0,3,3,1,15,1,1,1,4,0,0,15,3,1,0,1,6,0,0,0,9,1,1,0,17,2,2,0,37,6,6,1
5648,2015-12-29,TRUE,182,91.00%,100,6,0,0,0,8,2,2,0,0,0,0,1,15,1,1,1,4,0,0,1,4,0,0,1,4,2,2,0,7,3,3,0,18,1,1,0,39,4,4,1
5649,2015-12-30,TRUE,186,93.00%,100,5,1,1,0,8,2,2,0,0,0,0,2,14,2,2,1,4,0,0,1,3,1,0,1,6,0,0,0,9,1,1,0,19,0,0,0,42,1,1,1
5650,2015-12-29,FALSE,159,79.50%,100,4,2,2,0,7,3,3,0,0,2,2,1,12,4,4,1,4,0,0,13,3,1,0,1,5,1,1,0,7,3,3,0,16,3,3,0,38,5,5,1
5651,2015-12-29,FALSE,168,84.00%,100,5,1,1,0,7,3,3,0,0,3,3,1,15,1,1,1,4,0,0,1,4,0,0,1,0,6,6,0,10,0,0,0,17,2,2,0,33,10,10,2
5652,2016-01-06,FALSE,187,93.50%,100,6,0,0,0,6,4,4,0,0,0,0,1,15,1,1,1,4,0,0,1,4,0,0,1,5,1,1,0,10,0,0,0,17,2,2,0,43,0,0,1
5653,2016-01-04,FALSE,162,81.00%,100,6,0,0,0,7,3,3,0,0,1,1,1,12,4,4,1,4,0,0,1,4,0,0,2,5,1,1,0,8,2,2,0,15,4,4,0,26,17,17,1
5654,2015-12-29,FALSE,137,68.50%,100,6,0,0,0,7,3,3,0,0,4,4,1,6,10,10,1,4,0,0,5,3,1,0,1,3,3,3,0,5,5,5,0,14,5,5,0,20,23,23,1
5655,2016-01-04,TRUE,191,95.50%,100,5,1,1,0,8,2,2,0,0,0,0,1,16,0,0,1,4,0,0,1,4,0,0,1,6,0,0,0,10,0,0,0,19,0,0,0,42,1,1,1
5656,2015-12-29,FALSE,116,58.00%,100,5,1,1,0,6,4,4,0,0,2,2,5,13,3,3,1,4,0,0,51,3,1,0,1,4,2,2,0,8,2,2,0,15,4,4,0,37,6,6,1
5657,2015-12-29,FALSE,177,88.50%,100,5,1,1,0,6,4,4,0,0,2,2,1,14,2,2,1,4,0,0,1,4,0,0,1,5,1,1,0,7,3,3,0,17,2,2,0,40,3,3,1
5659,2016-01-07,FALSE,160,80.00%,100,4,2,2,0,4,6,6,0,0,4,4,1,9,7,7,1,4,0,0,1,4,0,0,1,3,3,3,0,7,3,3,0,15,4,4,0,37,6,6,1
5660,2016-01-04,FALSE,166,83.00%,100,4,2,2,0,7,3,3,0,0,1,1,1,12,4,4,1,4,0,0,1,2,2,0,1,4,2,2,0,8,2,2,0,17,2,2,0,35,8,8,4
5661,2016-01-06,FALSE,177,88.50%,100,6,0,0,0,3,7,7,0,0,2,2,1,16,0,0,1,4,0,0,1,4,0,0,1,5,1,1,0,6,4,4,0,16,3,3,0,42,1,1,1
5662,2015-12-29,FALSE,161,80.50%,100,3,3,3,0,7,3,3,0,0,4,4,3,11,5,5,2,4,0,0,1,2,2,0,1,3,3,3,0,7,3,3,0,15,4,4,0,39,4,4,1
5963,2016-02-19,FALSE,136,68.00%,100,2,4,4,0,4,6,6,0,0,5,5,2,6,10,10,1,1,3,3,1,1,3,0,1,1,5,5,0,7,3,3,0,11,8,8,0,32,11,11,1
5965,2016-02-19,TRUE,183,91.50%,100,4,2,2,0,9,1,1,0,0,2,2,1,13,3,3,1,4,0,0,1,4,0,0,2,6,0,0,0,9,1,1,0,19,0,0,0,41,2,2,1
6000,2016-02-19,FALSE,186,93.00%,100,6,0,0,0,10,0,0,0,0,2,2,1,14,2,2,1,4,0,0,1,4,0,0,1,5,1,1,0,8,2,2,0,19,0,0,0,41,2,2,1
6001,2016-02-19,TRUE,167,83.50%,100,5,1,1,0,6,4,4,0,0,3,3,1,11,5,5,1,4,0,0,1,4,0,0,1,4,2,2,0,5,5,5,0,16,3,3,0,38,5,5,1
6003,2016-02-19,TRUE,177,88.50%,100,6,0,0,0,10,0,0,0,0,0,0,1,15,1,1,12,3,1,1,1,4,0,0,1,5,1,1,0,8,2,2,0,19,0,0,0,41,2,2,1
6005,2016-02-19,FALSE,159,79.50%,100,2,4,4,0,9,1,1,0,0,0,0,1,14,2,2,1,4,0,0,16,3,1,0,2,4,2,2,0,7,3,3,0,16,3,3,0,39,4,4,1
6013,2016-02-19,FALSE,187,93.50%,100,6,0,0,0,8,2,2,0,0,2,2,1,15,1,1,1,4,0,0,3,4,0,0,1,5,1,1,0,10,0,0,0,19,0,0,0,43,0,0,1
6014,2016-02-19,TRUE,172,86.00%,100,5,1,1,0,5,5,5,0,0,3,3,1,14,2,2,1,4,0,0,2,4,0,0,2,3,3,3,0,8,2,2,0,18,1,1,0,39,4,4,1
6024,2016-02-19,TRUE,180,90.00%,100,6,0,0,0,7,3,3,0,0,3,3,1,16,0,0,1,4,0,0,1,4,0,0,1,3,3,3,0,8,2,2,0,19,0,0,0,39,4,4,1
6025,2016-02-19,FALSE,168,84.00%,100,5,1,1,0,4,6,6,0,0,4,4,1,12,4,4,1,4,0,0,2,4,0,0,2,4,2,2,0,8,2,2,0,16,3,3,0,42,1,1,3
6026,2016-02-19,FALSE,182,91.00%,100,5,1,1,0,9,1,1,0,0,2,2,1,16,0,0,1,4,0,0,1,4,0,0,1,4,2,2,0,6,4,4,0,18,1,1,0,41,2,2,1
6041,2016-02-19,FALSE,179,89.50%,100,5,1,1,0,6,4,4,0,0,0,0,1,14,2,2,1,4,0,0,1,4,0,0,1,5,1,1,0,9,1,1,0,16,3,3,0,39,4,4,1
6045,2016-02-29,FALSE,178,89.00%,100,5,1,1,0,8,2,2,0,0,1,1,1,16,0,0,1,4,0,0,9,4,0,0,1,6,0,0,0,9,1,1,0,18,1,1,0,40,3,3,1
6046,2016-02-19,FALSE,161,80.50%,100,5,1,1,0,8,2,2,0,0,3,3,1,10,6,6,1,4,0,0,1,4,0,0,1,3,3,3,0,7,3,3,0,16,3,3,0,30,13,13,1
6049,2016-02-19,FALSE,186,93.00%,100,6,0,0,0,8,2,2,0,0,0,0,1,14,2,2,1,4,0,0,1,4,0,0,1,6,0,0,0,10,0,0,0,17,2,2,0,40,3,3,1
6060,2016-02-19,FALSE,164,82.00%,100,5,1,1,0,5,5,5,0,0,3,3,2,12,4,4,2,3,1,1,1,4,0,0,1,3,3,3,0,7,3,3,0,16,3,3,0,37,6,6,1
6061,2016-02-19,FALSE,179,89.50%,100,5,1,1,0,7,3,3,0,0,4,4,1,16,0,0,1,4,0,0,1,4,0,0,1,5,1,1,0,9,1,1,0,17,2,2,0,39,4,4,1
6064,2016-02-19,FALSE,181,90.50%,100,5,1,1,0,6,4,4,0,0,1,1,1,14,2,2,1,4,0,0,1,4,0,0,1,4,2,2,0,9,1,1,0,19,0,0,0,40,3,3,1
6065,2016-02-29,FALSE,171,85.50%,100,4,2,2,0,3,7,7,0,0,2,2,1,13,3,3,6,4,0,0,2,4,0,0,1,5,1,1,0,9,1,1,0,18,1,1,0,42,1,1,1
6110,2016-02-29,FALSE,168,84.00%,100,4,2,2,0,6,4,4,0,0,2,2,1,15,1,1,1,4,0,0,4,3,1,0,1,4,2,2,0,6,4,4,0,14,5,5,0,40,3,3,1
6123,2016-02-19,FALSE,182,91.00%,100,6,0,0,0,5,5,5,0,0,2,2,1,16,0,0,1,4,0,0,1,3,1,0,1,4,2,2,0,10,0,0,0,18,1,1,0,41,2,2,1
6133,2016-02-29,FALSE,167,83.50%,100,5,1,1,0,7,3,3,0,0,5,5,1,13,3,3,1,3,1,1,1,3,1,0,1,5,1,1,0,6,4,4,0,18,1,1,0,35,8,8,1
6135,2016-02-29,FALSE,166,83.00%,100,6,0,0,0,10,0,0,0,0,1,1,1,15,1,1,1,4,0,0,21,4,0,0,1,5,1,1,0,10,0,0,0,17,2,2,0,39,4,4,1
6137,2016-02-29,TRUE,182,91.00%,100,5,1,1,0,5,5,5,0,0,0,0,1,15,1,1,1,4,0,0,1,4,0,0,1,6,0,0,0,9,1,1,0,16,3,3,0,41,2,2,1
6140,2016-02-19,FALSE,166,83.00%,100,5,1,1,0,6,4,4,0,0,0,0,1,12,4,4,1,4,0,0,1,4,0,0,1,2,4,4,0,7,3,3,0,16,3,3,0,34,9,9,2
6141,2016-02-19,FALSE,177,88.50%,100,4,2,2,0,8,2,2,0,0,2,2,2,12,4,4,1,4,0,0,2,4,0,0,1,5,1,1,0,8,2,2,0,17,2,2,0,42,1,1,1
6142,2016-02-29,FALSE,182,91.00%,100,5,1,1,0,8,2,2,0,0,1,1,1,14,2,2,1,4,0,0,1,4,0,0,1,4,2,2,0,8,2,2,0,19,0,0,0,40,3,3,1
6144,2016-02-19,FALSE,179,89.50%,100,5,1,1,0,10,0,0,0,0,0,0,1,16,0,0,1,3,1,1,1,4,0,0,1,3,3,3,0,10,0,0,0,18,1,1,0,33,10,10,1
6146,2016-02-29,FALSE,172,86.00%,100,4,2,2,0,9,1,1,0,0,1,1,1,15,1,1,1,4,0,0,2,4,0,0,1,2,4,4,0,6,4,4,0,15,4,4,0,38,5,5,1
6147,2016-02-19,FALSE,171,85.50%,100,6,0,0,0,8,2,2,0,0,5,5,1,14,2,2,1,4,0,0,1,4,0,0,1,4,2,2,0,8,2,2,0,17,2,2,0,35,8,8,2
6149,2016-02-19,FALSE,179,89.50%,100,6,0,0,0,8,2,2,0,0,2,2,4,16,0,0,2,3,1,1,1,4,0,0,4,4,2,2,0,10,0,0,0,17,2,2,0,43,0,0,1
6155,2016-02-19,FALSE,156,78.00%,100,3,3,3,0,8,2,2,0,0,0,0,1,13,3,3,1,4,0,0,7,4,0,0,1,2,4,4,0,6,4,4,0,14,5,5,0,31,12,12,1
6161,2016-02-19,FALSE,168,84.00%,100,4,2,2,0,4,6,6,0,0,3,3,1,12,4,4,1,4,0,0,1,4,0,0,1,6,0,0,0,10,0,0,0,18,1,1,0,32,11,11,1
6255,2016-03-25,FALSE,184,92.00%,100,5,1,1,0,8,2,2,0,0,2,2,1,16,0,0,1,4,0,0,2,3,1,0,1,5,1,1,0,10,0,0,0,19,0,0,0,40,3,3,1
6256,2016-03-21,FALSE,169,84.50%,100,5,1,1,0,9,1,1,0,0,1,1,2,10,6,6,1,4,0,0,3,4,0,0,1,3,3,3,0,7,3,3,0,16,3,3,0,40,3,3,3
6266,2016-03-21,FALSE,183,91.50%,100,5,1,1,0,9,1,1,0,0,1,1,3,15,1,1,1,4,0,0,1,4,0,0,1,5,1,1,0,7,3,3,0,19,0,0,0,41,2,2,1
6297,2016-03-21,FALSE,165,82.50%,100,6,0,0,0,9,1,1,0,0,3,3,3,12,4,4,1,4,0,0,3,3,1,0,1,4,2,2,0,8,2,2,0,17,2,2,0,34,9,9,3
6639,2016-02-19,FALSE,190,95.00%,100,6,0,0,0,9,1,1,0,0,3,3,1,16,0,0,1,4,0,0,1,4,0,0,1,6,0,0,0,10,0,0,0,19,0,0,0,42,1,1,1
6839,2015-12-29,FALSE,174,87.00%,100,8,0,0,0,7,3,3,1,0,2,2,1,7,3,3,1,5,2,2,1,3,2,0,2,4,1,1,0,6,3,3,0,14,0,0,0,25,3,3,1
6855,2016-07-11,FALSE,157,78.50%,100,7,1,1,0,9,1,1,1,0,0,0,21,7,3,3,1,7,0,0,3,5,0,0,1,4,1,1,0,7,2,2,0,14,0,0,0,24,4,4,4
6868,2016-05-16,FALSE,175,87.50%,100,8,0,0,0,8,2,2,1,0,1,1,5,8,2,2,1,7,0,0,1,3,2,0,1,5,0,0,0,7,2,2,0,13,1,1,0,24,4,4,2
6869,2016-08-29,FALSE,140,70.00%,100,8,0,0,0,9,1,1,3,0,0,0,40,8,2,2,1,6,1,1,1,3,2,0,1,4,1,1,0,9,0,0,0,13,1,1,0,25,3,3,3
6871,2016-04-11,FALSE,173,86.50%,100,7,1,1,0,9,1,1,10,0,3,3,1,8,2,2,1,7,0,0,1,4,1,0,1,5,0,0,0,8,1,1,0,14,0,0,0,25,3,3,1
6872,2016-08-29,FALSE,168,84.00%,100,8,0,0,0,7,3,3,1,0,3,3,1,6,4,4,1,5,2,2,1,2,3,0,1,5,0,0,0,8,1,1,0,13,1,1,0,26,2,2,8
6875,2016-02-19,FALSE,178,89.00%,100,7,1,1,0,7,3,3,1,0,2,2,1,7,3,3,1,7,0,0,1,3,2,0,1,5,0,0,0,9,0,0,0,13,1,1,0,24,4,4,1
6876,2016-09-02,FALSE,160,80.00%,100,6,2,2,0,6,4,4,1,0,5,5,1,3,7,7,1,5,2,2,1,4,1,0,1,5,0,0,0,3,6,6,0,11,3,3,0,24,4,4,1
6879,2016-07-11,FALSE,169,84.50%,100,7,1,1,0,6,4,4,1,0,2,2,1,7,3,3,1,7,0,0,2,2,3,0,1,3,2,2,0,8,1,1,0,12,2,2,0,22,6,6,1
6881,2016-08-29,FALSE,176,88.00%,100,7,1,1,0,9,1,1,1,0,0,0,1,6,4,4,1,7,0,0,1,3,2,0,1,4,1,1,0,8,1,1,0,13,1,1,0,23,5,5,3
6882,2015-12-29,FALSE,165,82.50%,100,7,1,1,0,7,3,3,1,0,4,4,1,4,6,6,1,5,2,2,1,3,2,0,1,4,1,1,0,7,2,2,0,14,0,0,0,20,8,8,1
6883,2016-05-05,FALSE,176,88.00%,100,8,0,0,0,9,1,1,1,0,0,0,1,6,4,4,1,7,0,0,1,3,2,0,1,5,0,0,0,6,3,3,0,12,2,2,0,23,5,5,2
6884,2016-05-16,FALSE,158,79.00%,100,7,1,1,0,5,5,5,1,0,4,4,1,4,6,6,1,6,1,1,1,2,3,0,1,2,3,3,0,5,4,4,0,8,6,6,0,25,3,3,1
6885,2015-12-29,FALSE,160,80.00%,100,7,1,1,0,5,5,5,1,0,4,4,1,4,6,6,1,3,4,4,1,4,1,0,1,2,3,3,0,6,3,3,0,11,3,3,0,24,4,4,1
6886,2016-03-21,TRUE,153,76.50%,100,7,1,1,0,3,7,7,1,0,5,5,1,4,6,6,1,6,1,1,1,2,3,0,1,3,2,2,0,4,5,5,0,9,5,5,0,22,6,6,1
6887,2016-09-05,FALSE,111,55.50%,100,8,0,0,0,4,6,6,1,0,3,3,32,6,4,4,16,7,0,0,1,2,3,0,1,4,1,1,0,5,4,4,0,13,1,1,0,23,5,5,11
6888,2016-08-29,FALSE,177,88.50%,100,8,0,0,0,8,2,2,1,0,3,3,2,6,4,4,1,7,0,0,2,5,0,0,1,4,1,1,0,8,1,1,0,12,2,2,0,26,2,2,1
6890,2015-12-29,TRUE,178,89.00%,100,8,0,0,0,9,1,1,1,0,0,0,1,6,4,4,1,7,0,0,1,3,2,0,1,5,0,0,0,6,3,3,0,13,1,1,0,23,5,5,1
6892,2016-08-29,FALSE,167,83.50%,100,8,0,0,0,8,2,2,2,0,1,1,1,8,2,2,1,6,1,1,1,3,2,0,1,5,0,0,0,7,2,2,0,14,0,0,0,24,4,4,13
6893,2016-05-16,TRUE,169,84.50%,100,8,0,0,0,6,4,4,1,0,1,1,1,5,5,5,1,6,1,1,1,3,2,0,1,3,2,2,0,6,3,3,0,12,2,2,0,24,4,4,2
6895,2015-12-29,FALSE,97,48.50%,100,8,0,0,0,6,4,4,1,0,3,3,70,3,7,7,2,7,0,0,1,3,2,0,1,4,1,1,0,8,1,1,0,12,2,2,0,22,6,6,2
6896,2016-09-05,FALSE,161,80.50%,100,7,1,1,0,7,3,3,1,0,2,2,1,3,7,7,1,6,1,1,1,4,1,0,1,3,2,2,0,6,3,3,0,10,4,4,0,19,9,9,1
6899,2016-07-11,FALSE,172,86.00%,100,8,0,0,0,9,1,1,1,0,0,0,1,7,3,3,3,7,0,0,1,3,2,0,1,4,1,1,0,7,2,2,0,14,0,0,0,25,3,3,9
6900,2016-05-04,FALSE,165,82.50%,100,7,1,1,0,8,2,2,3,0,3,3,1,7,3,3,1,7,0,0,1,4,1,0,1,5,0,0,0,7,2,2,0,14,0,0,0,26,2,2,14
6901,2016-08-29,FALSE,166,83.00%,100,8,0,0,0,9,1,1,1,0,1,1,7,6,4,4,1,7,0,0,1,3,2,0,1,5,0,0,0,6,3,3,0,13,1,1,0,25,3,3,8
6902,2016-08-29,FALSE,139,69.50%,100,8,0,0,0,7,3,3,1,0,2,2,30,8,2,2,1,5,2,2,1,5,0,0,1,3,2,2,0,6,3,3,0,14,0,0,0,22,6,6,7
6905,2016-05-16,FALSE,156,78.00%,100,8,0,0,0,6,4,4,2,0,1,1,20,8,2,2,1,7,0,0,1,5,0,0,1,5,0,0,0,7,2,2,0,13,1,1,0,22,6,6,3
6907,2015-12-29,TRUE,146,73.00%,100,7,1,1,0,5,5,5,1,0,4,4,24,7,3,3,2,7,0,0,1,4,1,0,1,5,0,0,0,8,1,1,0,12,2,2,0,21,7,7,1
6908,2016-08-29,FALSE,155,77.50%,100,7,1,1,0,2,8,8,1,0,3,3,1,3,7,7,1,6,1,1,1,2,3,0,1,4,1,1,0,4,5,5,0,10,4,4,0,22,6,6,1
6910,2016-07-11,FALSE,145,72.50%,100,8,0,0,0,7,3,3,2,0,2,2,1,6,4,4,2,6,1,1,1,4,1,0,1,5,0,0,0,5,4,4,0,12,2,2,0,25,3,3,28
6914,2016-07-24,FALSE,167,83.50%,100,7,1,1,0,8,2,2,1,0,1,1,1,7,3,3,7,7,0,0,1,4,1,0,4,5,0,0,0,8,1,1,0,12,2,2,0,24,4,4,4
6915,2016-09-02,FALSE,163,81.50%,100,8,0,0,0,7,3,3,1,0,0,0,1,5,5,5,2,7,0,0,14,3,2,0,1,4,1,1,0,6,3,3,0,14,0,0,0,25,3,3,1
6918,2016-02-19,FALSE,167,83.50%,100,8,0,0,0,9,1,1,2,0,3,3,1,4,6,6,1,5,2,2,1,4,1,0,1,2,3,3,0,8,1,1,0,12,2,2,0,21,7,7,1
6921,2016-07-11,FALSE,165,82.50%,100,7,1,1,0,8,2,2,1,0,2,2,1,7,3,3,1,7,0,0,1,3,2,0,4,3,2,2,0,8,1,1,0,11,3,3,0,22,6,6,5
6922,2015-12-29,FALSE,160,80.00%,100,4,4,4,0,6,4,4,1,0,3,3,1,5,5,5,1,4,3,3,1,1,4,0,1,3,2,2,0,7,2,2,0,12,2,2,0,23,5,5,1
6923,2016-02-19,TRUE,169,84.50%,100,6,2,2,0,7,3,3,1,0,4,4,1,5,5,5,1,6,1,1,1,4,1,0,1,5,0,0,0,5,4,4,0,11,3,3,0,26,2,2,1
6924,2016-09-02,FALSE,153,76.50%,100,7,1,1,0,5,5,5,1,0,1,1,1,2,8,8,6,5,2,2,6,3,2,0,1,4,1,1,0,9,0,0,0,12,2,2,0,26,2,2,8
6926,2016-02-19,FALSE,176,88.00%,100,8,0,0,0,7,3,3,1,0,2,2,1,7,3,3,1,6,1,1,1,2,3,0,1,4,1,1,0,6,3,3,0,13,1,1,0,27,1,1,1
6927,2016-09-02,FALSE,175,87.50%,100,8,0,0,0,9,1,1,4,0,1,1,1,8,2,2,1,7,0,0,1,3,2,0,1,4,1,1,0,4,5,5,0,14,0,0,0,26,2,2,3
6928,2015-12-29,FALSE,163,81.50%,100,7,1,1,0,9,1,1,1,0,0,0,11,7,3,3,1,5,2,2,1,1,4,0,1,4,1,1,0,8,1,1,0,13,1,1,0,25,3,3,5
6930,2016-07-11,FALSE,170,85.00%,100,6,2,2,0,8,2,2,1,0,3,3,1,7,3,3,1,6,1,1,1,3,2,0,1,4,1,1,0,6,3,3,0,14,0,0,0,24,4,4,4
6931,2016-07-11,FALSE,173,86.50%,100,6,2,2,0,7,3,3,1,0,0,0,5,10,0,0,2,7,0,0,1,3,2,0,1,3,2,2,0,7,2,2,0,13,1,1,0,24,4,4,1
6933,2016-07-24,FALSE,169,84.50%,100,7,1,1,0,5,5,5,2,0,2,2,1,8,2,2,2,7,0,0,1,4,1,0,1,3,2,2,0,7,2,2,0,12,2,2,0,23,5,5,2
6934,2016-07-11,FALSE,169,84.50%,100,8,0,0,0,5,5,5,1,0,4,4,1,7,3,3,1,7,0,0,1,4,1,0,1,5,0,0,0,7,2,2,0,14,0,0,0,24,4,4,7
6936,2016-07-11,FALSE,168,84.00%,100,7,1,1,0,6,4,4,1,0,4,4,2,8,2,2,2,6,1,1,1,3,2,0,1,5,0,0,0,7,2,2,0,10,4,4,0,24,4,4,1
6938,2016-05-20,TRUE,115,57.50%,100,8,0,0,0,8,2,2,15,0,1,1,1,8,2,2,21,6,1,1,16,3,2,0,3,3,2,2,0,7,2,2,0,13,1,1,0,24,4,4,12
6939,2016-02-19,FALSE,143,71.50%,100,8,0,0,0,9,1,1,1,0,1,1,34,6,4,4,2,7,0,0,1,3,2,0,1,4,1,1,0,6,3,3,0,12,2,2,0,25,3,3,1
6941,2016-08-29,FALSE,141,70.50%,100,5,3,3,0,2,8,8,1,0,2,2,1,4,6,6,1,5,2,2,1,2,3,0,1,2,3,3,0,4,5,5,0,8,6,6,0,13,15,15,1
6943,2016-02-29,TRUE,160,80.00%,100,7,1,1,0,7,3,3,1,0,4,4,1,6,4,4,1,6,1,1,1,1,4,0,1,4,1,1,0,5,4,4,0,10,4,4,0,21,7,7,2
6948,2016-05-06,FALSE,165,82.50%,100,8,0,0,0,6,4,4,1,0,4,4,3,8,2,2,1,7,0,0,1,3,2,0,4,3,2,2,0,6,3,3,0,12,2,2,0,23,5,5,1
6949,2015-12-29,FALSE,163,81.50%,100,7,1,1,0,9,1,1,1,0,2,2,2,7,3,3,12,6,1,1,1,4,1,0,1,4,1,1,0,7,2,2,0,12,2,2,0,23,5,5,1
6951,2016-08-29,FALSE,165,82.50%,100,6,2,2,0,4,6,6,2,0,4,4,1,7,3,3,1,6,1,1,1,3,2,0,1,4,1,1,0,7,2,2,0,13,1,1,0,22,6,6,1
6954,2016-05-06,FALSE,183,91.50%,100,8,0,0,0,10,0,0,1,0,1,1,1,7,3,3,1,7,0,0,1,3,2,0,1,5,0,0,0,8,1,1,0,13,1,1,0,25,3,3,1
6955,2016-05-06,FALSE,175,87.50%,100,8,0,0,0,5,5,5,1,0,1,1,1,8,2,2,1,6,1,1,1,4,1,0,1,5,0,0,0,6,3,3,0,13,1,1,0,23,5,5,1
6958,2015-12-29,FALSE,179,89.50%,100,8,0,0,0,10,0,0,1,0,1,1,1,7,3,3,1,6,1,1,1,4,1,0,1,3,2,2,0,6,3,3,0,13,1,1,0,25,3,3,1
6963,2016-08-29,FALSE,174,87.00%,100,7,1,1,0,7,3,3,1,0,1,1,1,7,3,3,1,7,0,0,1,1,4,0,1,4,1,1,0,7,2,2,0,11,3,3,0,26,2,2,1
6965,2016-05-06,FALSE,164,82.00%,100,7,1,1,0,4,6,6,1,0,1,1,1,5,5,5,1,5,2,2,2,4,1,0,5,5,0,0,0,5,4,4,0,12,2,2,0,25,3,3,1
6966,2016-03-22,FALSE,174,87.00%,100,8,0,0,0,9,1,1,1,0,3,3,1,6,4,4,1,7,0,0,1,3,2,0,1,4,1,1,0,9,0,0,0,13,1,1,0,24,4,4,5
6968,2015-12-29,FALSE,147,73.50%,100,7,1,1,0,6,4,4,1,0,2,2,18,8,2,2,7,6,1,1,1,3,2,0,1,2,3,3,0,7,2,2,0,12,2,2,0,24,4,4,2
6976,2016-09-03,FALSE,173,86.50%,100,8,0,0,0,7,3,3,1,0,0,0,10,8,2,2,1,7,0,0,1,4,1,0,1,4,1,1,0,7,2,2,0,14,0,0,0,26,2,2,2
6977,2016-08-29,FALSE,171,85.50%,100,8,0,0,0,7,3,3,1,0,2,2,1,6,4,4,1,5,2,2,1,3,2,0,1,2,3,3,0,7,2,2,0,13,1,1,0,24,4,4,1
6983,2016-06-02,FALSE,173,86.50%,100,8,0,0,0,8,2,2,1,0,2,2,1,6,4,4,1,5,2,2,1,4,1,0,1,3,2,2,0,6,3,3,0,12,2,2,0,25,3,3,1
6984,2015-12-29,FALSE,152,76.00%,100,4,4,4,0,6,4,4,2,0,2,2,1,4,6,6,1,5,2,2,3,4,1,0,1,3,2,2,0,2,7,7,0,9,5,5,0,22,6,6,1
6988,2016-08-29,FALSE,177,88.50%,100,8,0,0,0,8,2,2,2,0,2,2,2,7,3,3,1,7,0,0,2,4,1,0,2,4,1,1,0,8,1,1,0,14,0,0,0,25,3,3,1
6989,2015-12-29,FALSE,172,86.00%,100,8,0,0,0,8,2,2,3,0,2,2,3,7,3,3,1,7,0,0,1,4,1,0,1,4,1,1,0,8,1,1,0,14,0,0,0,24,4,4,5
6993,2016-06-21,FALSE,176,88.00%,100,8,0,0,0,9,1,1,1,0,0,0,12,9,1,1,1,7,0,0,1,4,1,0,1,5,0,0,0,8,1,1,0,14,0,0,0,25,3,3,1
6994,2015-12-29,FALSE,174,87.00%,100,6,2,2,0,6,4,4,1,0,1,1,1,5,5,5,1,6,1,1,1,5,0,0,1,5,0,0,0,8,1,1,0,13,1,1,0,26,2,2,4
6999,2016-08-29,FALSE,164,82.00%,100,6,2,2,0,7,3,3,1,0,3,3,1,5,5,5,1,5,2,2,1,2,3,0,1,5,0,0,0,7,2,2,0,10,4,4,0,22,6,6,1
7002,2016-02-22,FALSE,153,76.50%,100,6,2,2,0,5,5,5,1,0,4,4,1,4,6,6,3,1,6,6,1,3,2,0,1,3,2,2,0,7,2,2,0,10,4,4,0,23,5,5,2
7003,2016-09-08,FALSE,182,91.00%,100,8,0,0,0,8,2,2,1,0,0,0,1,8,2,2,3,6,1,1,1,3,2,0,1,5,0,0,0,8,1,1,0,14,0,0,0,26,2,2,1
7010,2016-09-03,FALSE,176,88.00%,100,8,0,0,0,8,2,2,1,0,3,3,1,7,3,3,1,7,0,0,1,3,2,0,1,4,1,1,0,8,1,1,0,14,0,0,0,22,6,6,1
7017,2016-05-07,FALSE,160,80.00%,100,6,2,2,0,7,3,3,1,0,4,4,1,6,4,4,1,6,1,1,1,2,3,0,1,2,3,3,0,4,5,5,0,13,1,1,0,23,5,5,4
7019,2015-12-29,FALSE,160,80.00%,100,7,1,1,0,4,6,6,1,0,3,3,1,4,6,6,1,3,4,4,1,5,0,0,1,4,1,1,0,5,4,4,0,11,3,3,0,22,6,6,1
7029,2015-12-29,FALSE,177,88.50%,100,8,0,0,0,7,3,3,1,0,2,2,1,6,4,4,1,7,0,0,1,2,3,0,1,4,1,1,0,8,1,1,0,13,1,1,0,26,2,2,1
7032,2016-08-29,FALSE,182,91.00%,100,8,0,0,0,10,0,0,1,0,1,1,4,7,3,3,1,7,0,0,1,4,1,0,1,5,0,0,0,8,1,1,0,13,1,1,0,26,2,2,1
7036,2016-08-29,FALSE,163,81.50%,100,6,2,2,0,7,3,3,1,0,3,3,1,6,4,4,1,7,0,0,1,4,1,0,1,4,1,1,0,4,5,5,0,9,5,5,0,22,6,6,2
7037,2015-12-29,FALSE,142,71.00%,100,7,1,1,0,6,4,4,2,0,1,1,1,5,5,5,1,6,1,1,7,4,1,0,1,5,0,0,0,6,3,3,0,14,0,0,0,24,4,4,26
7038,2016-09-16,FALSE,168,84.00%,100,8,0,0,0,6,4,4,1,0,4,4,1,6,4,4,1,6,1,1,1,3,2,0,1,4,1,1,0,6,3,3,0,14,0,0,0,22,6,6,2
7041,2016-05-23,FALSE,159,79.50%,100,8,0,0,0,7,3,3,1,0,3,3,19,5,5,5,1,7,0,0,1,4,1,0,1,5,0,0,0,7,2,2,0,14,0,0,0,25,3,3,1
7044,2016-02-22,FALSE,166,83.00%,100,6,2,2,0,5,5,5,1,0,2,2,1,5,5,5,1,6,1,1,1,4,1,0,1,2,3,3,0,5,4,4,0,14,0,0,0,23,5,5,1
7050,2015-12-29,FALSE,167,83.50%,100,7,1,1,0,4,6,6,1,0,3,3,1,6,4,4,1,7,0,0,1,3,2,0,1,5,0,0,0,5,4,4,0,11,3,3,0,24,4,4,1
7051,2015-12-29,FALSE,174,87.00%,100,7,1,1,0,7,3,3,1,0,2,2,1,8,2,2,1,6,1,1,1,5,0,0,1,4,1,1,0,5,4,4,0,13,1,1,0,23,5,5,1
7053,2016-01-04,FALSE,177,88.50%,100,8,0,0,0,8,2,2,1,0,2,2,1,7,3,3,1,6,1,1,1,5,0,0,1,5,0,0,0,6,3,3,0,14,0,0,0,23,5,5,2
7059,2016-08-29,FALSE,172,86.00%,100,7,1,1,0,8,2,2,1,0,0,0,6,6,4,4,1,7,0,0,1,5,0,0,1,5,0,0,0,7,2,2,0,13,1,1,0,24,4,4,4
7060,2016-08-29,FALSE,165,82.50%,100,7,1,1,0,7,3,3,1,0,3,3,1,5,5,5,1,5,2,2,1,2,3,0,1,5,0,0,0,9,0,0,0,14,0,0,0,24,4,4,9
7064,2016-06-23,FALSE,166,83.00%,100,8,0,0,0,6,4,4,1,0,4,4,1,7,3,3,1,6,1,1,1,1,4,0,1,4,1,1,0,6,3,3,0,12,2,2,0,22,6,6,1
7065,2016-08-29,FALSE,159,79.50%,100,8,0,0,0,4,6,6,1,0,3,3,1,5,5,5,3,5,2,2,1,3,2,0,1,5,0,0,0,5,4,4,0,8,6,6,0,23,5,5,1
7071,2016-02-25,FALSE,176,88.00%,100,8,0,0,0,7,3,3,1,0,1,1,9,7,3,3,1,7,0,0,1,3,2,0,1,5,0,0,0,9,0,0,0,14,0,0,0,27,1,1,1
7073,2015-12-29,FALSE,152,76.00%,100,5,3,3,0,4,6,6,1,0,3,3,1,6,4,4,2,5,2,2,1,3,2,0,1,3,2,2,0,6,3,3,0,9,5,5,0,18,10,10,2
7074,2016-03-28,FALSE,176,88.00%,100,8,0,0,0,8,2,2,1,0,1,1,1,8,2,2,1,6,1,1,1,5,0,0,1,3,2,2,0,6,3,3,0,13,1,1,0,22,6,6,1
7076,2016-06-13,FALSE,161,80.50%,100,8,0,0,0,4,6,6,7,0,3,3,2,7,3,3,1,5,2,2,1,2,3,0,1,5,0,0,0,7,2,2,0,12,2,2,0,23,5,5,1
